transcript,response
"Ya, al-Qa'i, Uridu buk flag ila Jeddah al-Uzbo al-Kadim hal bisa bantu Ajida Afdal schedule wari hatan Mubashiroh.","Tentu, untuk membantu Anda Ajida Afdal schedule dan wari hatan Mubashiroh dari al-Qa'i ila Jeddah al-Uzbo al-Kadim, Anda bisa menggunakan platform pencarian tiket pesawat online seperti Skyscanner, Google Flights, atau langsung ke situs web maskapai penerbangan. Di sana, Anda dapat menemukan semua opsi penerbangan yang tersedia."
Jelaskan step-by-step cara booking flag kejada secara online.,"Mohon maaf, ""flag kejada"" bukan merupakan istilah yang umum atau saya kenali.

Agar saya bisa memberikan panduan step-by-step yang akurat, bisakah Anda jelaskan lebih lanjut apa yang dimaksud dengan ""flag kejada"" (misalnya, nama sebuah layanan, acara, atau produk tertentu)? Proses booking online sangat bervariasi tergantung pada platform atau penyedia layanan tersebut."
Uridu orange transfer minjadah ilah madidah cotton,"Anda ingin melakukan 'orange transfer' pada cotton. Bisa Anda jelaskan lebih lanjut apa yang Anda inginkan terkait 'transfer' tersebut? Apakah itu mewarnai, mencetak, atau jenis 'transfer' lainnya?"
Can you help aku orange transport dari Jedah ke Madina tomorrow?,"Untuk transport dari Jeddah ke Madinah tomorrow, kamu bisa naik Kereta Cepat Haramain (Haramain High-Speed Railway) atau Bus SAPTCO."
Explain step by step cara apply visa Saudi dengan benar.,"Berikut adalah langkah-langkah untuk apply visa Saudi:

1.  **Tentukan Jenis Visa:**
    *   Pertama, identify tujuanmu ke Saudi. Apakah untuk السياحة (tourism), Umrah/Hajj, kunjungan keluarga, bisnis, atau bekerja? Jenis visa akan menentukan requirements.

2.  **Periksa Syarat & Dokumen:**
    *   Setiap jenis visa punya syarat berbeda. Umumnya kamu butuh:
        *   Passport yang masih berlaku minimal 6 bulan.
        *   Foto ukuran passport terbaru (dengan background dan ukuran yang ditentukan).
        *   Travel insurance.
        *   Bukti akomodasi dan penerbangan (untuk visa turis).
        *   Surat undangan (untuk visa bisnis atau kunjungan keluarga).
    *   Pastikan semua dokumen lengkap dan sesuai.

3.  **Pilih Metode Aplikasi:**
    *   **eVisa (Electronic Tourist Visa):** Jika tujuanmu wisata dan negara asalmu eligible, ini cara paling mudah. Kamu bisa apply online melalui platform resmi Saudi (misalnya visitsaudi.com).
    *   **VFS Tasheel:** Untuk jenis visa lain (misalnya bisnis, keluarga, kerja) atau jika kamu tidak eligible untuk eVisa, kamu harus apply melalui VFS Tasheel. Kamu perlu membuat appointment, datang untuk menyerahkan dokumen, dan melakukan biometrics.
    *   **Kedutaan Besar/Konsulat Saudi:** Beberapa jenis visa khusus mungkin mengharuskan aplikasi langsung ke Kedutaan Saudi di negaramu.

4.  **Isi Formulir Aplikasi & Bayar Fees:**
    *   Isi semua informasi di form aplikasi dengan benar dan lengkap.
    *   Upload dokumen yang diminta (jika apply online) atau bawa dokumen fisik (jika melalui VFS Tasheel/Kedutaan).
    *   Bayar biaya visa (visa fees) sesuai jenis visa yang kamu apply. Pembayaran bisa online atau di lokasi aplikasi.

5.  **Submit Aplikasi & Tunggu Proses:**
    *   Setelah semua steps selesai, submit aplikasimu.
    *   Waktu proses (processing time) bervariasi. eVisa biasanya cepat (beberapa menit hingga beberapa hari). Aplikasi via VFS Tasheel atau Kedutaan bisa memakan waktu lebih lama.

6.  **Terima Visa:**
    *   Jika aplikasimu disetujui, visa akan dikirimkan via email (untuk eVisa) atau bisa diambil di VFS Tasheel/Kedutaan.
    *   Periksa kembali semua detail di visa untuk memastikan tidak ada kesalahan sebelum kamu berangkat."
Aku mau book flag kejendah minggu depan. Bisa bantu schedule?,"Tentu, saya bisa bantu. Mohon jelaskan lebih lanjut apa yang dimaksud dengan ""flag"" dan detail spesifik untuk kejendah minggu depan (tanggal, waktu, dan lokasi/platform)."
"Aku butuh travel umrah simple, tapi inkut malina efisien.","Baik, Anda mencari travel Umrah yang simple dengan efisiensi Malina."
How to prepare dokumen umrah dari Indonesia dengan benar?,"Untuk mempersiapkan dokumen umrah dari Indonesia, berikut adalah langkah-langkah dan dokumen utama yang diperlukan:

1.  **Passport Asli:** Masa berlaku minimal 6 bulan dari tanggal keberangkatan.
2.  **Visa Umrah:** Diurus oleh travel agent.
3.  **Kartu Vaksin Meningitis/ICV (International Certificate of Vaccination):** Sertifikat asli dan fotokopi.
4.  **Kartu Keluarga (KK):** Fotokopi.
5.  **Buku Nikah Asli (bagi pasangan suami-istri):** Fotokopi.
6.  **Akte Kelahiran Asli (bagi anak-anak):** Fotokopi.
7.  **KTP (Kartu Tanda Penduduk):** Fotokopi.
8.  **Pas Foto Terbaru:**
    *   Ukuran 4x6 dengan latar belakang putih.
    *   Wajah 80%.
    *   Wanita berhijab.
    *   Jumlah sesuai permintaan travel (biasanya 4-6 lembar).
9.  **Surat Mahram (jika diperlukan):** Untuk wanita yang bepergian tanpa mahram sesuai ketentuan Saudi Arabia.
10. **Tiket Pesawat & Akomodasi:** Konfirmasi dari travel agent.
11. **Asuransi Perjalanan:** Umumnya sudah termasuk dalam paket umrah."
bagaimana proses pisah Saudi untuk umrah dari Indonesia sekarang?,"Proses ""pisah Saudi"" untuk Umrah dari Indonesia sekarang lebih fleksibel. ""Pisah Saudi"" biasanya merujuk pada pelaksanaan Umrah secara mandiri atau setelah masuk ke Saudi Arabia dengan visa non-Umrah khusus.

Berikut adalah poin-poin pentingnya:

1.  **Visa Turis (eVisa):**
    *   Warga negara Indonesia kini bisa mengajukan **eVisa turis** Arab Saudi.
    *   Visa turis ini **memungkinkan Anda untuk melakukan Umrah** secara mandiri.
    *   Anda dapat mengajukan eVisa secara online dan biasanya prosesnya cepat.

2.  **Aplikasi Nusuk:**
    *   Setelah Anda memiliki visa dan berada di Saudi Arabia, Anda harus mengunduh aplikasi **Nusuk** (sebelumnya Eatmarna).
    *   Melalui aplikasi Nusuk, Anda wajib mendapatkan **tasreeh** (izin/permit) untuk melakukan Umrah dan untuk shalat di Rawdah Sharif (Madinah).
    *   Penting untuk memesan slot waktu Umrah dan Rawdah Anda jauh-jauh hari, terutama saat musim ramai.

3.  **Logistik Mandiri:**
    *   Dengan visa turis, Anda bertanggung jawab sepenuhnya atas pengaturan penerbangan, akomodasi, dan transportasi di dalam Saudi Arabia.
    *   Anda bisa memesan hotel di Makkah dan Madinah, serta transportasi antarkota atau di dalam kota sesuai preferensi Anda.

4.  **Visa Transit (Opsi Khusus):**
    *   Beberapa maskapai penerbangan (seperti Saudi Airlines dan Flynas) menawarkan visa transit 96 jam gratis bagi penumpang yang transit melalui Saudi Arabia.
    *   Visa transit ini juga memungkinkan Anda untuk melakukan Umrah. Namun, durasinya sangat terbatas.

**Kesimpulan:**
Cara paling umum dan mudah untuk ""pisah Saudi"" Umrah bagi WNI saat ini adalah dengan mengajukan **eVisa turis**, lalu mengurus **tasreeh** Umrah melalui aplikasi **Nusuk** setelah tiba di Saudi Arabia. Pastikan untuk selalu memeriksa peraturan terbaru dari Pemerintah Saudi Arabia sebelum keberangkatan."
Uget aku cara pilih hotel di meka dekat Haram dengan bacet terbatas.,"Tentu, ini beberapa tips:

1.  **Cari yang agak jauh:** Hotel yang tidak persis di depan gerbang utama **Haram** biasanya lebih murah. Cari yang walkable (10-20 menit jalan kaki) atau ada shuttle gratis.
2.  **Pesan jauh-jauh hari:** Semakin awal booking, biasanya harga lebih baik.
3.  **Bandingkan harga:** Gunakan website booking seperti Agoda, Booking.com, atau Traveloka untuk membandingkan harga.
4.  **Baca review:** Perhatikan review tentang kebersihan, kenyamanan, dan *value for money*.
5.  **Pergi di luar musim ramai:** Harga akan jauh lebih tinggi saat musim haji atau Ramadan."
"Aku mabuk flight ke jada minggu depan, bisa bantu skedul","Tentu, saya bisa bantu. Untuk skedul penerbangan ke Jeddah minggu depan, mohon beritahu saya:
1.  Tanggal dan jam keberangkatan yang kamu inginkan.
2.  Apakah kamu punya preferensi maskapai atau kelas penerbangan?
3.  Apakah ada jadwal kegiatan lain yang perlu dipertimbangkan di Jeddah?"
Apa perbedaan umrah dan hajj secara detail dalam Islam?,"Tentu, berikut perbedaan utama antara Umrah dan Hajj dalam Islam secara detail:

*   **Hukum/Kewajiban:**
    *   **Hajj:** Adalah Rukun Islam kelima, hukumnya wajib (`fardh`) bagi setiap Muslim yang mampu (secara fisik dan finansial) setidaknya sekali seumur hidup. Meninggalkannya tanpa alasan yang sah adalah dosa besar.
    *   **Umrah:** Umumnya dianggap Sunnah Muakkadah (sangat dianjurkan). Meskipun beberapa ulama menganggapnya wajib sekali seumur hidup, namun bukan termasuk Rukun Islam.

*   **Waktu Pelaksanaan:**
    *   **Hajj:** Memiliki waktu khusus yang ditetapkan setiap tahun, yaitu pada bulan Dhul Hijjah (dari tanggal 8 hingga 12 atau 13 Dhul Hijjah). Hajj tidak sah jika dilakukan di luar waktu ini.
    *   **Umrah:** Dapat dilakukan kapan saja sepanjang tahun, kecuali pada hari-hari Hajj (yaitu tanggal 9 Dhul Hijjah saat Wuquf di Arafah, hari `Nahr` atau Idul Adha pada 10 Dhul Hijjah, dan hari-hari `Tasyriq` pada 11, 12, 13 Dhul Hijjah).

*   **Ritual/Rukun:**
    *   **Hajj:** Melibatkan lebih banyak ritual dan rukun yang kompleks dan lebih ekstensif. Ini termasuk: Ihram, Tawaf Ifadhah, Sa'i, Wuquf di Arafah (ini adalah rukun Hajj terbesar), mabit (menginap) di Muzdalifah dan Mina, melontar Jumrah, Tawaf Wada', dan Tahallul.
    *   **Umrah:** Melibatkan ritual yang lebih sedikit dan sederhana: Ihram, Tawaf mengelilingi Ka'bah, Sa'i antara Safa dan Marwah, dan Tahallul (mencukur atau memotong rambut).

*   **Lokasi & Durasi:**
    *   **Hajj:** Melibatkan perjalanan ke berbagai tempat di luar Makkah, seperti Arafah, Muzdalifah, dan Mina, selain ritual di Makkah itu sendiri. Durasi pelaksanaan ritual Hajj memakan waktu beberapa hari (sekitar 5-6 hari ritual utama).
    *   **Umrah:** Seluruh ritualnya berpusat di Makkah saja (Ka'bah dan Sa'i). Dapat diselesaikan dalam beberapa jam hingga satu hari.

Singkatnya, Hajj adalah ibadah yang lebih besar, lebih wajib, lebih kompleks, memiliki waktu spesifik, dan melibatkan lebih banyak lokasi dan ritual dibanding Umrah. Umrah adalah ibadah yang lebih kecil, tidak wajib (`Sunnah`), bisa dilakukan kapan saja, dan ritualnya lebih sederhana."
Bagaimana proses visa Saudi untuk umrah dari Indonesia sekarang?,"Ada beberapa opsi utama untuk visa Saudi ke Umrah dari Indonesia sekarang:

1.  **Visa Umrah Tradisional:** Diajukan melalui agen perjalanan Umrah yang berlisensi di Indonesia. Ini adalah cara umum, biasanya sudah termasuk paket lengkap (tiket, akomodasi, transportasi).
2.  **Tourist e-Visa:** Bisa diajukan secara online melalui platform resmi Saudi Arabia. Visa ini bersifat multi-purpose, *insha Allah* bisa digunakan untuk Umrah, wisata, dan kunjungan lainnya.
3.  **Visa on Arrival (VOA):** Jika memenuhi syarat tertentu (misalnya, punya visa valid dari Schengen, UK, US), bisa mendapatkan VOA di bandara Saudi, yang juga bisa digunakan untuk Umrah.
4.  **Stopover Visa:** Jika terbang dengan Saudi Arabian Airlines atau Flynas dan transit di Saudi, bisa mengajukan stopover visa yang memungkinkan untuk Umrah selama 96 jam.

Dokumen umumnya termasuk paspor valid, foto, tiket pulang pergi, dan bukti akomodasi. Persyaratan detail bisa bervariasi tergantung jenis visa dan kewarganegaraan."
Hal untuk membuat dokumen umrah dari Indonesia dengan benar.,"Berikut adalah hal-hal penting untuk dokumen Umrah dari Indonesia:

*   **Paspor asli** dengan masa berlaku minimal 6 bulan.
*   **Visa Umrah** (diurus melalui agen travel).
*   **Tiket pesawat PP** (pulang-pergi).
*   **Bukti akomodasi** di Makkah dan Madinah.
*   **Asuransi perjalanan** yang mencakup *coverage* kesehatan.
*   **Sertifikat vaksinasi** (Meningitis ACYW-135 dan COVID-19).
*   **Pas foto** ukuran 4x6 cm dengan latar belakang putih.
*   **Kartu Keluarga (KK)** dan **KTP**."
Aku butuh travel umrah simpel tapi inklud Marina Visit.,Baik. Anda mencari paket umrah simpel yang inklusif Marina Visit.
Boleh awak bantu saya menyerang transport dari judah ke Madina esok?,"Maaf, saya tidak boleh membantu dengan permintaan seperti itu. Saya tidak boleh terlibat dalam atau membantu sebarang tindakan keganasan atau yang boleh menyebabkan bahaya."
Explain step by step cara apply visa soldi dengan benar.,"Berikut langkah-langkah umum untuk mengajukan ""visa soldi"" (visa untuk individu mandiri finansial atau *financially independent persons*), ingatlah bahwa persyaratan spesifik sangat bervariasi per negara:

1.  **Tentukan Jenis Visa & Negara Tujuan**: Cari tahu nama resmi visa untuk *financially independent* di negara tujuan Anda (misalnya, *Elective Residence Visa* untuk Italia). Pastikan Anda memenuhi kriteria usia dan non-kerja.
2.  **Penuhi Persyaratan Finansial**: Ini adalah inti utama. Siapkan bukti keuangan substansial dan stabil (bukan dari pekerjaan aktif di negara tujuan). Ini bisa berupa:
    *   Laporan rekening bank dengan saldo signifikan.
    *   Bukti pendapatan pasif (pensiun, dividen, sewa properti, investasi) dari luar negeri.
    *   Surat pernyataan tidak akan bekerja di negara tujuan.
3.  **Siapkan Dokumen Pribadi**:
    *   Paspor yang masih berlaku (minimal 6 bulan setelah masa tinggal yang diinginkan).
    *   Formulir aplikasi visa yang sudah diisi lengkap.
    *   Foto paspor terbaru sesuai standar.
    *   Bukti asuransi kesehatan komprehensif yang berlaku di negara tujuan.
    *   Surat keterangan catatan kriminal (SKCK) atau sejenisnya.
4.  **Bukti Akomodasi**: Siapkan bukti tempat tinggal jangka panjang di negara tujuan (kontrak sewa properti atau bukti kepemilikan).
5.  **Terjemahkan Dokumen**: Pastikan semua dokumen yang diperlukan diterjemahkan ke bahasa negara tujuan atau Inggris oleh penerjemah tersumpah.
6.  **Jadwalkan Janji Temu**: Hubungi kedutaan besar atau konsulat negara tujuan di Indonesia, atau pusat aplikasi visa (misalnya, VFS Global), untuk membuat janji pengajuan.
7.  **Hadiri Wawancara & Serahkan Dokumen**: Datang tepat waktu dengan semua dokumen asli dan salinan. Jawab pertanyaan dengan jujur mengenai rencana dan sumber keuangan Anda. Bayar biaya aplikasi visa.
8.  **Tunggu Keputusan**: Proses ini bisa memakan waktu berminggu-minggu hingga berbulan-bulan.
9.  **Ambil Visa**: Jika aplikasi disetujui, Anda akan dihubungi untuk mengambil paspor Anda dengan visa yang sudah ditempelkan.

**Catatan**: Selalu cek situs web resmi kedutaan negara tujuan untuk daftar persyaratan terbaru dan paling akurat."
"Ya Aki, urdu buk flag ialah jeda ala sebuah ala kadim. Hal bisa bantu Ajida Aftal, skedul wari halatan Mubashirah.","Ya Aki, 'jeda ala sebuah ala kadim' bisa bantu Ajida Aftal dengan skedul dan *halatan Mubashirah* melalui penyediaan waktu terencana untuk persiapan matang, refleksi strategis, atau penyesuaian yang lebih mindful sebelum atau selama acara *Mubashirah*."
Uridu Range Transport Minjeda ilah Medina Roden,"Baik. Anda mencari Range Transport Minjeda ilah Medina Roden. Untuk membantu Anda, mohon berikan detail lebih lanjut seperti tanggal dan jumlah penumpang."
"Book flight kejada lalu lanjut ke Marina, schedule terbaik kapan?","Untuk jadwal penerbangan dari Jeddah (جدة) ke Marina, silakan cek di platform pemesanan tiket online. Jadwal terbaik sangat bergantung pada tanggal dan ketersediaan.

Mohon pastikan bandara tujuan spesifik di 'Marina' mana yang Anda maksud, karena 'Marina' bukan kode bandara umum."
aku mau buka fly ke jedah minggu depan bisa bantu schedule,"Tentu, saya bisa bantu.

Mohon berikan detail berikut agar saya bisa bantu mencarikan jadwal penerbangan ke Jeddah minggu depan:
*   Tanggal keberangkatan yang spesifik?
*   Kota keberangkatan Anda?
*   Apakah ada tanggal kembali?
*   Jumlah penumpang?
*   Preferensi maskapai (jika ada)?"
Kenapa fasting di Ramadan itu wajib bagi muslim?,ERROR_GEMINI
bagaimana proses visa Saudi untuk umroh dari Indonesia sekarang,"Sekarang, Anda bisa mendapatkan visa Saudi untuk Umroh dari Indonesia melalui beberapa cara:

1.  **Melalui Travel Agent Resmi**: Ini adalah cara yang paling umum. Anda mendaftar paket Umroh ke travel agent yang terdaftar dan memiliki lisensi. Mereka akan mengurus semua proses aplikasi visa Anda.
2.  **eVisa Turis**: Warga negara Indonesia dapat mengajukan eVisa turis secara online. Visa ini multi-entry dan bisa digunakan untuk Umroh di luar musim Haji.
3.  **Platform Nusuk**: Anda juga bisa mengajukan visa Umroh melalui platform Nusuk yang terintegrasi dengan paket-paket Umroh tertentu."
How to prepare dokumen umroh dari Indonesia dengan benar,"Untuk menyiapkan dokumen umroh dari Indonesia, berikut adalah yang umumnya diperlukan:

1.  **Paspor asli**: Masa berlaku minimal 6 bulan sebelum tanggal keberangkatan, dengan setidaknya 2 halaman kosong.
2.  **Foto terbaru**: Ukuran 4x6 cm, latar belakang putih, fokus wajah 80%, tidak berkacamata. Jumlah sesuai permintaan travel (biasanya 4-6 lembar). Untuk wanita, wajib berhijab.
3.  **Kartu Kuning/Sertifikat Vaksin Meningitis**: Bukti telah vaksin.
4.  **Kartu Tanda Penduduk (KTP) asli**: Untuk verifikasi data.
5.  **Kartu Keluarga (KK) asli**.
6.  **Buku Nikah asli**: Bagi pasangan suami istri yang berangkat.
7.  **Akta Kelahiran asli**: Bagi anak-anak atau bayi yang ikut serta.
8.  **Surat Mahram**: Jika wanita berusia di bawah 45 tahun berangkat tanpa mahram, biasanya diurus oleh travel agent.
9.  **Surat Izin Suami/Wali**: Untuk wanita yang bepergian sendiri dalam kondisi tertentu.
10. **Bukti pembayaran paket umroh**.

Semua dokumen biasanya diserahkan ke travel agent yang akan mengurus visa umroh dan proses lainnya. Pastikan Anda berkomunikasi dengan travel agent Anda untuk daftar lengkap dan terbaru, karena bisa ada sedikit perbedaan sesuai kebijakan waktu."
Tolong buat checklist persiapan umroh termasuk barang wajib di bawah,"Berikut adalah checklist persiapan umroh termasuk barang wajib:

**CHECKLIST PERSIAPAN UMROH**

**I. Dokumen & Keuangan**
*   Paspor (asli & fotokopi)
*   Visa (asli & fotokopi)
*   Tiket pesawat & Bukti reservasi akomodasi
*   Kartu Identitas (KTP/SIM)
*   Kartu Vaksin Meningitis
*   Uang tunai (Riyal, mata uang lokal) & Kartu debit/kredit
*   Asuransi perjalanan (jika ada)

**II. Pakaian & Perlengkapan Pribadi**
*   **Pakaian Ihram (Wajib)**:
    *   Pria: 2 lembar kain putih tanpa jahitan (disarankan 2 set)
    *   Wanita: Pakaian syar'i longgar, tidak transparan, tidak menarik perhatian, jilbab panjang (disarankan 2 set)
*   Pakaian sehari-hari yang nyaman dan sesuai syariat (secukupnya)
*   Jilbab/khimar tambahan (bagi wanita)
*   Kaos kaki (beberapa pasang)
*   Pakaian dalam
*   Sandal/sepatu yang nyaman dan mudah dilepas (tanpa jahitan bagi pria saat Ihram)
*   Perlengkapan mandi (tanpa wewangian/non-parfum untuk saat Ihram)
*   Handuk kecil
*   Sajadah tipis
*   Tas kecil untuk alas kaki saat masuk masjid
*   Payung lipat/topi
*   Kacamata hitam
*   Kantong plastik (untuk pakaian kotor/sampah)
*   Gunting kecil (untuk Tahallul)

**III. Kesehatan & Obat-obatan**
*   Obat-obatan pribadi (sesuai resep dokter jika ada)
*   Vitamin
*   Plester, antiseptik
*   Obat flu, batuk, demam, sakit kepala
*   Pelembab bibir/kulit (tanpa wewangian)
*   Masker

**IV. Lain-lain**
*   Charger ponsel & Power bank
*   Adaptor universal (jika diperlukan)
*   Buku doa/Dzikir kecil
*   Al-Qur'an kecil (opsional)
*   Tas pinggang/selempang kecil (untuk barang berharga)
*   Botol minum (isi ulang air zam-zam)"
Aku butuh travel umrah simple tapi inklud Madinah visit,"Tentu, Anda mencari paket travel umrah yang simple dan sudah termasuk kunjungan ke Madinah. Banyak travel agent menyediakan pilihan seperti ini.

Saat mencari, pastikan untuk menanyakan:
*   Durasi perjalanan
*   Akomodasi (hotel di Makkah dan Madinah)
*   Transportasi lokal
*   Pembimbing ibadah (mutawwif)
*   Tiket pesawat
*   Visa umrah
*   Ziarah di Makkah dan Madinah"
bisa bantu aku menghargai transport dari Jedah ke Madina?,"Tentu, saya bisa bantu. Untuk transportasi dari Jeddah ke Madinah, berikut beberapa pilihan yang umum:

1.  **Kereta Cepat Haramain (Haramain High-Speed Rail)**:
    *   **Keunggulan**: Cepat, nyaman, modern.
    *   **Durasi**: Sekitar 2-2.5 jam.
    *   **Biaya**: Mulai dari sekitar SAR 69 (ekonomi) hingga SAR 140+ (bisnis) per orang, tergantung kelas dan waktu booking.
    *   **Stasiun**: Stasiun King Abdullah Economic City (KAEC) di Jeddah atau Stasiun Sulaymaniyah di Jeddah ke Stasiun Madinah.

2.  **Bus**:
    *   **Keunggulan**: Paling ekonomis.
    *   **Durasi**: Sekitar 4-6 jam, tergantung lalu lintas dan pemberhentian.
    *   **Biaya**: Mulai dari sekitar SAR 40-70 per orang.
    *   **Operator**: SAPTCO adalah operator utama.

3.  **Taxi/Mobil Pribadi (Private Car/Ride-sharing)**:
    *   **Keunggulan**: Fleksibel, bisa langsung dari pintu ke pintu.
    *   **Durasi**: Sekitar 4-5 jam.
    *   **Biaya**: Paling mahal, mulai dari sekitar SAR 350-500+ untuk seluruh mobil, tergantung jenis mobil dan negosiasi. Bisa pakai aplikasi seperti Uber atau Careem.

Untuk menghargai transport, pertimbangkan:
*   **Waktu**: Kereta adalah yang tercepat.
*   **Budget**: Bus adalah yang termurah.
*   **Kenyamanan/Fleksibilitas**: Taksi atau mobil pribadi memberikan kenyamanan lebih.

Semoga membantu perjalananmu!"
Explain step by step cara apply visa Saudi dengan benar,"Tentu, berikut langkah-langkah apply visa Saudi:

1.  **Tentukan Jenis Visa:** Cek apakah Anda eligible untuk eVisa (tourist visa) atau perlu mengajukan visa tradisional (seperti Umrah, business, atau family visit) melalui kedutaan/konsulat/VFS Tasheel.
2.  **Cek Persyaratan:**
    *   Untuk eVisa: Pastikan negara Anda termasuk dalam daftar negara yang eligible, paspor valid minimal 6 bulan.
    *   Untuk Traditional Visa: Siapkan dokumen seperti paspor, foto, surat undangan (jika ada), booking pesawat/hotel, asuransi perjalanan, dll.
3.  **Metode Aplikasi:**
    *   **eVisa:** Kunjungi portal resmi Saudi eVisa (misalnya, visa.visitsaudi.com).
    *   **Traditional Visa:** Datang ke Kedutaan Besar Arab Saudi, Konsulat, atau pusat aplikasi visa resmi seperti VFS Tasheel.
4.  **Isi Formulir Aplikasi:** Lengkapi semua informasi dengan akurat dan benar, baik online maupun fisik.
5.  **Bayar Biaya Visa:** Lakukan pembayaran sesuai jenis visa dan metode aplikasi yang dipilih.
6.  **Sediakan Biometrik (jika perlu):** Untuk traditional visa, Anda mungkin perlu datang ke VFS Tasheel untuk pengambilan sidik jari dan foto.
7.  **Submit Aplikasi:** Kirim aplikasi Anda secara online atau serahkan dokumen fisik di tempat yang ditentukan.
8.  **Pantau Status Aplikasi:** Anda bisa melacak status aplikasi visa Anda secara online.
9.  **Terima Visa:** Jika disetujui, eVisa akan dikirim via email, atau Anda bisa mengambil paspor dengan visa yang sudah ditempel (untuk traditional visa)."
"Ya akhirnya, uri dukung slide ilah jidah alus buan kadim Hal bisa bantu ajida afdal schedule bari halitin mubashiro","Tentu, saya bisa bantu ajida `afdal schedule`!

Untuk `halitin mubashiro` ini, apa saja yang perlu Anda jadwalkan? Berikan saya detailnya (misalnya, tanggal, waktu, lokasi, atau tujuan jika ini perjalanan)."
Uri Du Orange Transport Minjida Ile Madina Gokodan,"""Uri Du Orange Transport"" bukanlah penyedia layanan transportasi yang umum diketahui untuk rute dari Minjida ke Madina. Untuk perjalanan ini, Anda umumnya perlu naik pesawat."
Aku mau buk flight kejada minggu depan bisa bantu schedule.,"Tentu, saya bisa bantu. Untuk **schedule** penerbangan ke Jeddah minggu depan, saya butuh beberapa detail:

*   Kota keberangkatanmu dari mana?
*   Tanggal spesifiknya minggu depan itu tanggal berapa?
*   Berapa jumlah penumpang?"
Aku butuh transfer umrah simpal tapi inklet Madina visit,"Oke, Anda mencari transfer Umrah yang simple dan include kunjungan ke Madinah."
Can you help aku arrange transport dari Jeddah ke Medina tomorrow?,"Tentu, aku bisa bantu. Untuk arrange transportnya, could you tell me jam berapa besok, berapa orang, dan jenis kendaraan apa yang kamu mau (e.g., private car, kereta, bus)?"
Expand step by step cara apply visa Saudi dengan benar.,"Berikut cara apply visa Saudi dengan benar, step-by-step:

1.  **Tentukan Jenis Visa:** Pertama, pastikan jenis visa apa yang kamu butuhkan. Apakah visa untuk tujuan wisata, Umrah, business, family visit (ziarah), atau kerja? Persyaratan akan sangat berbeda.

2.  **Cek Persyaratan & Dokumen:**
    *   Kunjungi website resmi Kementerian Luar Negeri Saudi (MOFA) atau website VFS Tasheel (pusat aplikasi visa resmi Saudi di banyak negara) untuk melihat persyaratan spesifik jenis visa kamu.
    *   Siapkan dokumen wajib, antara lain:
        *   Paspor asli (masa berlaku minimal 6 bulan).
        *   Foto terbaru ukuran paspor (latar belakang putih).
        *   Formulir aplikasi visa yang sudah diisi lengkap.
        *   Bukti tiket pesawat (pergi-pulang) dan reservasi akomodasi.
        *   Asuransi perjalanan yang disetujui Saudi.
        *   Bukti keuangan (misalnya, bank statement).
        *   Untuk Umrah atau Hajj, biasanya melalui agen travel terdaftar.
        *   Untuk visa business atau family visit, butuh surat undangan (invitation letter) dari pihak di Saudi.

3.  **Pilih Metode Aplikasi:**
    *   **eVisa (Tourist Visa):** Jika kamu memenuhi syarat (dari negara yang eligible), kamu bisa apply Tourist eVisa langsung melalui website resmi Saudi Tourism Authority. Ini cara termudah untuk wisata.
    *   **VFS Tasheel:** Untuk jenis visa lain (misalnya business, family visit, work) dan jika kamu tidak eligible untuk eVisa, kamu perlu apply melalui VFS Tasheel. Ini adalah pusat aplikasi visa resmi Kerajaan Saudi Arabia.
    *   **Kedutaan/Konsulat:** Beberapa jenis visa atau kasus khusus mungkin masih memerlukan aplikasi langsung ke kedutaan atau konsulat Saudi di negaramu.

4.  **Isi Formulir Aplikasi:** Lengkapi semua informasi di formulir aplikasi visa dengan jujur dan akurat. Pastikan data cocok dengan paspor kamu.

5.  **Bayar Biaya Visa:** Lakukan pembayaran biaya visa sesuai jenis visa dan prosedur yang berlaku (online, di VFS Tasheel, atau di kedutaan).

6.  **Submit Dokumen & Biometrik:**
    *   Jika apply via VFS Tasheel atau kedutaan: Kamu harus datang ke kantor mereka sesuai appointment yang sudah dibuat untuk menyerahkan dokumen fisik, melakukan pengambilan sidik jari (fingerprints), dan foto (biometrics).
    *   Jika apply eVisa: Proses ini tidak diperlukan karena semua diunggah online.

7.  **Pantau Status Aplikasi:** Setelah submit, kamu akan menerima nomor referensi (reference number). Gunakan nomor tersebut untuk melacak status aplikasi visa kamu secara online.

8.  **Terima Visa:** Jika aplikasi disetujui, visa kamu akan dikirimkan via email (untuk eVisa) atau bisa diambil di VFS Tasheel/kedutaan. Pastikan untuk memeriksa semua detail di visa (nama, tanggal lahir, tanggal validitas) agar tidak ada kesalahan."
"Ya akhirnya, Uridubuk Flight Ila Jeda Al-Ushbu Al-Khadim hal bila bantu Ajida Afdala Schedul Wari Halatan Mubasirah.","Tentu, saya bisa bantu. Dari kota mana Anda akan terbang ke Jeddah Al-Ushbu Al-Khadim? Dan apakah ada tanggal spesifik dalam Ushbu' tersebut?"
Uridu orange transport minjida ilam badina hadan,"Anda mencari orange transport minjida ilam badina hadan.

Untuk menemukan layanan ini, Anda bisa mencari penyedia transportasi lokal di area tersebut atau menggunakan aplikasi transportasi online yang tersedia di wilayah tersebut."
Kenapa fasting di rambadan itu wajib pagi muslim?,"Fasting di Ramadan itu wajib bagi muslim karena Allah SWT telah memerintahkannya. Ini adalah salah satu dari Rukun Islam.

Dalam Al-Qur'an, Surah Al-Baqarah ayat 183 disebutkan:
""يَا أَيُّهَا الَّذِينَ آمَنُوا كُتِبَ عَلَيْكُمُ الصِّيَامُ كَمَا كُتِبَ عَلَى الَّذِينَ مِن قَبْلِكُمْ لَعَلَّكُمْ تَتَّقُونَ""
Artinya: ""Wahai orang-orang yang beriman, diwajibkan atas kamu berpuasa sebagaimana diwajibkan atas orang-orang sebelum kamu agar kamu bertakwa.""

Tujuan utamanya adalah untuk mencapai *taqwa*."
How to prepare dokumen umroh dari Indonesia dengan benar,"Berikut dokumen yang perlu kamu persiapkan untuk umroh dari Indonesia:

1.  **Paspor asli**: Masa berlaku minimal 6 bulan, nama minimal 2 suku kata.
2.  **KTP**
3.  **Kartu Keluarga (KK)**
4.  **Buku Nikah (bagi suami-istri)**
5.  **Akte Lahir (bagi anak-anak)**
6.  **Foto berwarna**: Ukuran 4x6 atau 3x4 (sesuai permintaan travel), background putih, tampak wajah 80%.
7.  **Sertifikat Vaksin Meningitis (Kartu Kuning)**: Wajib.
8.  **Surat Mahram/Izin Suami/Wali**: Jika diperlukan (terutama untuk wanita di bawah 18 tahun, atau sesuai regulasi terbaru dari Saudi Arabia).

Semua dokumen tersebut diserahkan ke travel agent yang akan mengurus visa umroh kamu."
Tolong buat checklist persiapan umrah termasuk barang wajib di bawah.,"Tentu, ini checklist persiapan umrah termasuk barang wajib:

**CHECKLIST PERSIAPAN UMRAH**

**A. Dokumen & Keuangan:**
*   [ ] Paspor (masih berlaku minimal 6 bulan)
*   [ ] Visa Umrah
*   [ ] Tiket pesawat (PP)
*   [ ] Bukti booking hotel & transportasi
*   [ ] Salinan dokumen penting (paspor, visa, dll.)
*   [ ] Uang tunai (Riyal Saudi & mata uang lokal)
*   [ ] Kartu debit/kredit internasional
*   [ ] Asuransi perjalanan (jika ada)

**B. Kesehatan & Obat-obatan:**
*   [ ] Vaksin meningitis (wajib)
*   [ ] Vaksin influenza & COVID-19 (sangat dianjurkan)
*   [ ] Obat-obatan pribadi (sesuai resep dokter)
*   [ ] Obat umum (demam, flu, sakit kepala, diare, maag)
*   [ ] Vitamin/suplemen
*   [ ] Hand sanitizer
*   [ ] Masker
*   [ ] Plester luka/antiseptik

**C. Pakaian & Perlengkapan Umum:**
*   [ ] Pakaian ganti secukupnya (nyaman, tidak mencolok)
*   [ ] Pakaian tidur
*   [ ] Pakaian dalam
*   [ ] Kaos kaki
*   [ ] Jilbab/khimar lebar (untuk perempuan)
*   [ ] Manset tangan (untuk perempuan)
*   [ ] Topi/penutup kepala (untuk laki-laki di luar ihram)
*   [ ] Jaket/sweater (jika diperlukan, suhu bisa dingin)
*   [ ] Handuk kecil
*   [ ] Perlengkapan mandi (tanpa wewangian saat ihram): sabun, sampo, sikat gigi, pasta gigi, pelembap bibir
*   [ ] Sisir
*   [ ] Kaca mata hitam
*   [ ] Payung lipat kecil
*   [ ] Sendal/sepatu yang nyaman dan mudah dilepas
*   [ ] Charger & power bank
*   [ ] Universal adapter (jika diperlukan)
*   [ ] Tas punggung kecil/tas selempang (untuk membawa barang saat thawaf & sa'i)
*   [ ] Kantong plastik (untuk sendal/sepatu, sampah, dll.)
*   [ ] Gunting kecil/pemotong kuku

**D. Perlengkapan Ibadah (Barang Wajib):**
*   [ ] **Pakaian Ihram:**
    *   Untuk Laki-laki: 2 helai kain putih tanpa jahitan
    *   Untuk Perempuan: Pakaian syar'i yang menutup seluruh aurat kecuali muka dan telapak tangan, tanpa perhiasan, tidak membentuk lekuk tubuh, bukan pakaian mewah
*   [ ] Sabuk ihram (untuk laki-laki, jika diperlukan)
*   [ ] Sandal tanpa jahitan (untuk laki-laki, jika diperlukan)
*   [ ] Sajadah
*   [ ] Al-Qur'an kecil/buku doa saku/aplikasi Al-Qur'an di HP
*   [ ] Tasbih
*   [ ] Kantong sandal/sepatu (untuk dibawa saat masuk masjid)
*   [ ] Buku manasik Umrah

**E. Persiapan Diri Non-Fisik:**
*   [ ] Memperdalam ilmu manasik Umrah
*   [ ] Menjaga niat ikhlas lillahi ta'ala
*   [ ] Memperbanyak istighfar dan doa
*   [ ] Berlatih fisik agar fit"
"Menurut kamu, belajar bahasa Arab itu susah ga untuk pemula","Untuk pemula, belajar bahasa Arab memang bisa terasa menantang. Sistem penulisannya beda (huruf hijaiyah), ada suara (makharij) yang baru, dan struktur tata bahasanya cukup unik.

Namun, dengan konsistensi dan metode yang tepat, banyak yang berhasil menguasainya."
aku mau book flight ke jada minggu depan misalnya bantu schedule,"Tentu, saya bisa bantu schedule flight ke Jeddah.

Dari kota mana Anda akan terbang? Dan untuk tanggal spesifik minggu depan, tanggal berapa ya?"
"Aku butuh travel umrah simple, tapi include Madina Visit","Baik, Anda mencari paket Umrah yang simple dan include Madina Visit. Insya Allah kami bisa bantu carikan opsi yang sesuai."
Bagaimana bisa membantu orang-orang yang mampu dari Jeddah ke Madina Jumaro?,"Anda bisa membantu orang-orang yang mampu dari Jeddah ke Madina dengan cara berikut:

1.  **Informasi Transportasi**: Berikan informasi lengkap tentang pilihan transportasi, seperti kereta cepat Haramain, bus, atau taksi, termasuk jadwal dan harga.
2.  **Bantuan Reservasi**: Bantu mereka dalam proses pemesanan tiket kereta/bus atau reservasi akomodasi di Madina.
3.  **Panduan Aplikasi**: Edukasi dan bantu penggunaan aplikasi penting seperti *Nusuk* untuk izin masuk *Rawdah* atau *ziyarah* ke situs-situs sejarah.
4.  **Tips Perjalanan & *Manasik***: Sediakan saran praktis untuk perjalanan yang nyaman dan aman, serta panduan singkat mengenai *manasik* (jika tujuan mereka untuk Umrah) dan tata krama di *Masjid an-Nabawi*.
5.  **Rekomendasi *Ziyarah***: Berikan rekomendasi tempat-tempat penting untuk *ziyarah* di Madina beserta informasi singkat sejarahnya."
explain step by step cara apply visa Saudi dengan benar,"Berikut langkah-langkah untuk apply visa Saudi Arabia:

1.  **Tentukan Jenis Visa:** Pilih visa yang sesuai dengan tujuanmu, misalnya Tourist Visa (eVisa), Umrah Visa, Business Visa, atau Work Visa.
2.  **Cek Persyaratan:** Kunjungi official website Saudi eVisa platform (untuk eVisa) atau website Kedutaan Besar Saudi Arabia di negaramu untuk mengecek dokumen yang dibutuhkan berdasarkan nationality dan jenis visa.
3.  **Siapkan Dokumen:** Kumpulkan dokumen-dokumen penting, umumnya termasuk:
    *   Paspor dengan masa berlaku minimal 6 bulan.
    *   Foto visa terbaru (ukuran dan background sesuai ketentuan).
    *   Konfirmasi tiket pesawat dan akomodasi.
    *   Travel insurance (seringkali mandatory).
    *   Untuk Umrah/Hajj, mungkin ada additional documents.
4.  **Metode Aplikasi:**
    *   **eVisa (untuk tujuan Tourism atau Umrah bagi nationality yang eligible):** Apply langsung secara online melalui platform visa.visitsaudi.com. Isi form, upload dokumen, dan bayar.
    *   **Via Kedutaan/Konsulat/Pusat Visa Resmi:** Jika tidak eligible for eVisa atau untuk jenis visa lain, ajukan permohonan melalui Kedutaan Besar Saudi Arabia, Konsulat, atau authorized visa center di negaramu.
5.  **Isi Formulir Aplikasi:** Lengkapi semua bagian dalam formulir aplikasi dengan benar dan akurat.
6.  **Bayar Biaya Visa:** Lakukan pembayaran visa fee sesuai dengan jenis visa yang dipilih. Ini bisa online (untuk eVisa) atau di loket pembayaran (untuk aplikasi di Kedutaan/Pusat Visa).
7.  **Submit Aplikasi:** Kirimkan aplikasi dan dokumen yang diperlukan, baik secara elektronik (untuk eVisa) atau langsung (ke Kedutaan/Pusat Visa).
8.  **Tunggu Proses Approval:** Setelah submission, tunggu sampai aplikasimu diproses. Waktu proses bervariasi.
9.  **Terima Visa:** Jika approved, visa akan dikirimkan secara elektronik (eVisa) atau berupa stiker di paspormu (jika apply via Kedutaan/Pusat Visa)."
"Ya Achi, Uri du Book Friday, ilah jadah al Usbu Al Kadim, hal bisa bantu Ajida Afdol schedule Warih Latan Mubashira.","Tentu, Ya Achi. Saya bisa bantu Anda mencari schedule yang Afdol dan Warih Latan Mubashira untuk Book Friday Anda."
transcript,"Oke, transcript diterima. Apa yang ingin Anda lakukan dengannya?"
aku mau buka fly ke jedah minggu depanan,Baik. Terbang dari mana dan tanggal berapa tepatnya minggu depan?
Book flight ke Jeddah lalu lanjut ke Madina. Schedul terbaik kapan?,"Jadwal terbaik ke Jeddah lalu lanjut ke Madina sangat bergantung pada preferensi Anda (harga, cuaca, atau keramaian).

*   **Untuk cuaca lebih nyaman dan menghindari keramaian:** Pertimbangkan bulan November hingga Februari.
*   **Untuk harga lebih rendah:** Hindari musim Haji dan bulan Ramadhan, karena harga tiket dan akomodasi cenderung lebih tinggi."
jelaskan step by step cara booking flight kejada secara online,"Tentu, berikut langkah-langkah booking flight secara online:

1.  **Pilih Platform Booking:** Kunjungi website maskapai langsung (misal: Garuda Indonesia, Lion Air) atau Online Travel Agent (OTA) seperti Traveloka, Tiket.com, Agoda Flights, Skyscanner, atau Expedia.
2.  **Masukkan Detail Penerbangan:**
    *   Pilih jenis perjalanan (Sekali Jalan/One-way, Pulang Pergi/Round-trip, Multi-kota/Multi-city).
    *   Masukkan kota keberangkatan (asal) dan kota tujuan.
    *   Pilih tanggal keberangkatan dan tanggal kembali (jika pulang pergi).
    *   Tentukan jumlah penumpang (dewasa, anak-anak, bayi).
    *   Pilih kelas penerbangan (Ekonomi, Bisnis, First Class).
3.  **Cari Penerbangan:** Klik tombol ""Cari"" atau ""Search"".
4.  **Pilih Penerbangan:**
    *   Sistem akan menampilkan daftar penerbangan yang tersedia.
    *   Gunakan filter (maskapai, jam, harga, transit) untuk menyaring hasil.
    *   Pilih penerbangan keberangkatan dan, jika pulang pergi, penerbangan kembali yang diinginkan.
5.  **Periksa Detail Penerbangan:** Pastikan semua detail (tanggal, waktu, maskapai, harga) sudah benar sebelum melanjutkan.
6.  **Isi Data Penumpang:** Masukkan nama lengkap penumpang (sesuai KTP/paspor), tanggal lahir, jenis kelamin, alamat email, dan nomor telepon. Untuk penerbangan internasional, mungkin perlu detail paspor.
7.  **Pilih Tambahan (Opsional):** Anda mungkin ditawari untuk menambah bagasi, memilih kursi, membeli asuransi perjalanan, atau memesan makanan. Pilih sesuai kebutuhan.
8.  **Lanjutkan ke Pembayaran:** Pilih metode pembayaran yang tersedia (kartu kredit/debit, transfer bank, e-wallet, dll.).
9.  **Review & Konfirmasi Pembayaran:** Periksa kembali semua detail pemesanan dan pembayaran. Lakukan pembayaran.
10. **Terima Konfirmasi:** Setelah pembayaran berhasil, Anda akan menerima email konfirmasi booking yang berisi e-ticket atau kode booking. Simpan baik-baik email ini."
tolong buat checklist persiapan umrah termasuk barang wajib di bawah,"Tentu, ini checklist persiapan Umrah yang singkat dan jelas:

**Checklist Persiapan Umrah**

**A. Sebelum Keberangkatan:**
*   **Niat** yang tulus **Lillahi Ta'ala**.
*   Jaga kesehatan fisik dan mental.
*   Pelajari **manasik Umrah** (tata cara pelaksanaan).
*   Siapkan dokumen penting:
    *   Paspor (masa berlaku min. 6 bulan).
    *   Visa Umrah.
    *   Tiket pesawat PP.
    *   Bukti vaksinasi (meningitis, Covid-19 jika diperlukan).
    *   Kartu identitas (KTP).
    *   Salinan dokumen penting (simpan terpisah).
*   Tukar mata uang **SAR** (Saudi Riyal) secukupnya.
*   Informasikan keluarga/kerabat terdekat.

**B. Barang Wajib & Penting:**

1.  **Pakaian:**
    *   Pakaian **Ihram** (2 set untuk pria, pakaian syar'i/mukena untuk wanita).
    *   Pakaian ganti sehari-hari (secukupnya, yang nyaman).
    *   Pakaian dalam.
    *   Kaos kaki (untuk wanita).
    *   Jilbab/khimar (untuk wanita).
    *   Sandal atau sepatu yang nyaman dan mudah dilepas (tidak berjahit untuk pria saat **Ihram**).

2.  **Pribadi & Toiletries:**
    *   Perlengkapan mandi (tanpa parfum/unscented untuk **Ihram**): sabun, shampoo, sikat gigi, pasta gigi.
    *   Pelembab bibir & kulit (non-parfum).
    *   Sunscreen.
    *   Obat-obatan pribadi (sesuai resep dokter jika ada).
    *   Kacamata/lensa kontak + cairan (jika menggunakan).
    *   Tisu basah & kering.
    *   Gunting kecil (untuk **tahallul**).

3.  **Lain-lain:**
    *   Tas kecil/punggung (untuk membawa barang saat **Tawaf**/**Sa'i**).
    *   Kantong sandal (untuk di masjid).
    *   Charger ponsel & power bank.
    *   Universal adapter (jika diperlukan).
    *   Uang tunai (**SAR**) & kartu debit/kredit.
    *   Buku doa kecil atau aplikasi doa di ponsel.
    *   Botol minum isi ulang.
    *   Masker (opsional, untuk debu/keramaian).
    *   Sajadah tipis (opsional)."
"Ahianan, saya bingung mulai dari mana untuk umrah.","Untuk memulai umrah, langkah pertama adalah:

1.  **Tentukan waktu:** Pilih tanggal atau bulan yang Anda inginkan untuk berangkat.
2.  **Cari travel agent:** Hubungi travel agent umrah yang terpercaya dan memiliki izin resmi. Mereka akan membantu mengurus visa, tiket, dan akomodasi."
Aku mau book flight kejada minggu depan. Bisa bantu schedule?,"Tentu, untuk book flight ke Jeddah minggu depan, aku butuh beberapa info:

1.  Dari kota mana kamu berangkat?
2.  Tanggal spesifik di minggu depan yang kamu inginkan?
3.  Preferensi waktu (pagi/siang/malam)?"
Aku butuh travel umrah simpel tapi inklud madina visit,"Baik. Anda mencari paket umrah yang simpel dan sudah termasuk kunjungan ke Madinah.

Paket seperti ini umumnya disebut 'Umrah Plus Madinah' atau 'Umrah Haramain'. Silakan hubungi travel agent terpercaya untuk detail penawaran."
Boleh kau bantu saya menghargai transport dari Jedah ke Madinah Tumorau?,"Tentu, saya bisa bantu. Untuk transport dari Jeddah ke Madinah *tomorrow*, ada beberapa pilihan:

1.  **Kereta Cepat Haramain (Safa Railway)**: Ini pilihan tercepat dan nyaman. Anda bisa pesan tiket online atau di stasiun.
2.  **Bus (SAPTCO)**: Ini pilihan yang lebih ekonomis. Ada jadwal reguler dari stasiun bus di Jeddah ke Madinah.
3.  **Taxi/Private Car**: Anda bisa menyewa taksi atau mobil pribadi. Ini lebih fleksibel tapi biayanya lebih tinggi.

Paling disarankan untuk cek ketersediaan dan pesan tiket (terutama untuk kereta) secepatnya, karena *tomorrow* mungkin sudah banyak yang penuh."
"Ya, Akhi, Uri Dubuk Flight Ila Jedah al-Ustbu al-Qadim. Hal bisa bantu Ajeda of the schedule warih latanmu Basirah.","Ya, Akhi. Untuk mencari flight dari Dubuk ila Jedah al-Ustbu al-Qadim, saya tidak bisa access real-time schedule atau bantu arrange jadwal.

Anda bisa check di website airline langsung, atau melalui online travel agent (OTA) seperti Skyscanner, Kayak, atau agen perjalanan lokal untuk info schedule dan ticket."
Uridu Rengstransport Minceda Ilama Dina Khoden,"Mohon maaf, bisakah Anda memperjelas apa yang Anda maksud dengan **Rengstransport Minceda Ilama Dina Khoden** yang Anda **أريدُ**?"
"Book flight ke Jeddah lanjut ke Madina, schedule terbaik kapan?","Untuk schedule terbaik, disarankan untuk book flights jauh-jauh hari, misalnya 2-3 bulan sebelum keberangkatan.

Hindari peak seasons seperti musim haji, umrah puncak, dan liburan sekolah karena harga cenderung lebih tinggi dan jadwal lebih penuh. Fleksibel dengan tanggal keberangkatan juga bisa membantu menemukan opsi terbaik."
Kenapa fasting di romadon itu wajib bagi muslim?,"Fasting di Ramadan itu wajib karena merupakan perintah langsung dari Allah dalam Al-Quran, khususnya di QS. Al-Baqarah: 183. Tujuannya adalah agar kaum Muslim mencapai taqwa."
Tolong buat checklist persiapan umrah termasuk barang nguajib di bawah,"Tentu, ini checklist persiapan Umrah, termasuk *barang wajib*:

**Checklist Persiapan Umrah**

**I. Dokumen & Administrasi (Documents & Administration)**
*   Paspor (validity min. 6 bulan)
*   Visa Umrah
*   Tiket pesawat PP
*   Vaksin meningitis (buku kuning) & Covid-19
*   Asuransi perjalanan
*   Kartu identitas (KTP/SIM)
*   Fotokopi semua dokumen penting (simpan terpisah)
*   Daftar kontak penting (keluarga, travel agent, hotel)

**II. Pakaian & Perlengkapan Ihram (Ihram Attire & Essentials)**
*   **Pria:** 2 lembar kain Ihram (tidak berjahit) – **WAJIB**
*   **Wanita:** Pakaian syar'i (longgar, tidak transparan, menutup aurat sempurna, warna bebas)
*   Sandal jepit/sandal biasa (tidak menutupi mata kaki untuk pria)
*   Tas kecil untuk menyimpan sandal saat masuk masjid
*   Pakaian dalam secukupnya

**III. Pakaian Sehari-hari (Daily Wear)**
*   Pakaian ganti secukupnya (disesuaikan cuaca, umumnya panas)
    *   **Pria:** Baju koko/kemeja, celana panjang non-jeans
    *   **Wanita:** Abaya/gamis, jilbab panjang (beberapa warna)
*   Pakaian tidur
*   Kaos kaki (untuk wanita)

**IV. Perlengkapan Pribadi & Kesehatan (Personal Items & Health)**
*   Sabun mandi tanpa wewangian (untuk saat Ihram) – **WAJIB**
*   Shampo tanpa wewangian (untuk saat Ihram) – **WAJIB**
*   Sikat gigi & odol
*   Handuk kecil
*   Pelembap kulit & bibir (tanpa wewangian)
*   Sunblock
*   Gunting kecil/alat cukur (untuk Tahallul)
*   Obat-obatan pribadi (sesuai resep dokter jika ada) – **WAJIB**
*   P3K standar (plester, obat demam, flu, batuk, diare, minyak angin)
*   Masker & hand sanitizer
*   Vit. C atau multivitamin

**V. Perlengkapan Ibadah (Prayer Items)**
*   Sajadah travel
*   Tasbih
*   Al-Qur'an kecil/aplikasi Al-Qur'an di HP
*   Buku doa Umrah/doa sehari-hari
*   Topi/payung kecil (pelindung dari panas)

**VI. Uang & Keuangan (Money & Finance)**
*   Uang tunai (Riyal Arab Saudi & sedikit USD/rupiah) – **WAJIB**
*   Kartu debit/kredit internasional
*   Dompet travel/tas pinggang kecil

**VII. Elektronik (Electronics)**
*   Handphone & charger
*   Power bank
*   Travel adapter universal (jika diperlukan)
*   Headset

**VIII. Lain-lain (Miscellaneous)**
*   Botol minum isi ulang
*   Kacamata hitam
*   Kantong plastik/ziplock (untuk pakaian kotor, atau barang lainnya)
*   Gembok kecil (untuk koper)
*   Penjepit baju (jika mencuci sendiri)"
I feel overwhelmed dengan persiapan umroh. Ada tipsi derhana?,"Tentu, ini beberapa tips sederhana agar tidak terlalu *overwhelmed*:

1.  **Fokus satu per satu:** Jangan pikirkan semua sekaligus. Cek satu dokumen, lalu cek barang bawaan, dst.
2.  **Buat *checklist*:** Ini sangat membantu untuk melihat apa yang sudah dan belum.
3.  **Prioritaskan:** Yang penting dulu (paspor, visa, tiket, akomodasi, vaksin). Barang bawaan bisa belakangan.
4.  **Jangan terlalu banyak bawaan:** Umrah itu *simple*. Bawa secukupnya saja.
5.  **Perbanyak *istirahat* dan *dzikir*:** Ketenangan hati itu penting agar tidak stres."
Aku mau book flight kejada minggu depan. Bisa bantu schedule.,"Oke, flight ke Jeddah minggu depan. Dari kota mana, dan tanggal berapa tepatnya?"
Aku butuh travel umrah simpel tapi inklud mandina visit.,"Baik, untuk travel umrah yang simpel tapi inklusif kunjungan Madinah, Anda bisa mencari paket yang biasanya mencakup:

*   **Penerbangan Langsung/Non-Stop:** Agar lebih simpel dan hemat waktu.
*   **Akomodasi:** Hotel bintang 3 atau 4 yang dekat dengan Masjidil Haram di Makkah dan Masjid Nabawi di Madinah.
*   **Transportasi:** Antar-jemput bandara dan antar kota (Makkah-Madinah).
*   **Ziarah:** Kunjungan ke tempat-tempat bersejarah di Makkah dan Madinah (termasuk Masjid Quba, Jabal Uhud, dll.).
*   **Pembimbing Ibadah (Muthawwif):** Untuk memandu selama di Tanah Suci.

Pastikan detail kunjungan ke Madinah disebutkan dengan jelas dalam itinerary paket."
Can you help aku arrange transport dari Jedah ke Madina tomorrow?,"Tentu, aku bisa bantu kamu dengan informasi mengenai transport dari Jedah ke Madina untuk tomorrow.

Berikut beberapa opsi yang bisa kamu pertimbangkan:

1.  **Kereta Cepat Haramain (HHR)**: Ini pilihan tercepat dan nyaman. Kamu bisa membeli tiket online di situs web Haramain High-Speed Railway atau langsung di stasiun.
2.  **Taksi/Mobil Pribadi**: Bisa dipesan melalui aplikasi seperti Uber/Careem, atau menyewa mobil dengan sopir dari penyedia layanan lokal.
3.  **Bus**: Ada beberapa perusahaan bus yang melayani rute ini, seperti SAPTCO. Tiket bisa dibeli di terminal bus Jedah."
"Ya akhir, uridu buku flight ilah jeddah al usbual kodim. Hal bisa bantu Ajida Aftol schedule warih laten Mubashirah?",ERROR_GEMINI
Uridu Arrange Transport Minjet Dah ila Madinah Wadan,"Okay, Anda ingin Arrange Transport dari Jeddah ila Madinah.

Mohon berikan detail berikut:
*   Tanggal dan waktu keberangkatan?
*   Jumlah penumpang?
*   Preferensi transportasi apa? (Misalnya: private car, shared taxi, bus)"
Kenapa fasting di romantan itu wajib bagi muslim?,"Fasting di bulan Ramadan itu wajib (obligatory) bagi Muslim karena merupakan perintah dari Allah SWT dan termasuk salah satu dari lima Rukun Islam.

Allah SWT berfirman dalam Al-Qur'an, Surah Al-Baqarah ayat 183:

""يَٰٓأَيُّهَا ٱلَّذِينَ ءَامَنُواْ كُتِبَ عَلَيۡكُمُ ٱلصِّيَامُ كَمَا كُتِبَ عَلَى ٱلَّذِينَ مِن قَبۡلِكُمۡ لَعَلَّكُمۡ تَتَّقُونَ""
(Wahai orang-orang yang beriman! Diwajibkan atas kamu berpuasa sebagaimana diwajibkan atas orang-orang sebelum kamu agar kamu bertakwa.)"
How to prepare dokumen umrah dari Indonesia dengan benar.,"Berikut dokumen utama yang perlu Anda siapkan untuk Umrah dari Indonesia:

1.  **Paspor asli:** Masa berlaku minimal 6 bulan dari tanggal kepulangan.
2.  **Visa Umrah:** Diurus melalui travel agent.
3.  **Kartu Tanda Penduduk (KTP) asli.**
4.  **Kartu Keluarga (KK) asli.**
5.  **Buku Nikah asli:** Khusus untuk pasangan suami istri.
6.  **Akta Lahir asli:** Untuk anak di bawah umur yang ikut serta.
7.  **Sertifikat Vaksin:** Misalnya meningitis atau sesuai regulasi kesehatan terbaru dari Saudi Arabia.
8.  **Pas foto:** Ukuran 4x6, background putih, fokus wajah 80%, berjilbab bagi wanita."
I feel overwhelmed dengan persiapan umrah. Ada tip sederhana.,"Tentu, ini beberapa tip sederhana:

1.  **Buat Checklist:** Daftar semua yang perlu disiapkan (dokumen, pakaian, *manasik*).
2.  **Prioritaskan:** Fokus pada yang paling penting dulu.
3.  **Sedikit Demi Sedikit:** Kerjakan satu atau dua hal setiap hari agar tidak menumpuk.
4.  **Cari Info:** Tonton video atau baca panduan praktis tentang *tata cara* umrah.
5.  **Ingat Niat:** Ingat kembali *niyyah* Anda, itu akan meringankan beban."
"Aku mau buk fly kejadian minggu depan, bisa bentar schedule?","Sebagai AI, aku tidak bisa langsung cek jadwal atau booking flight untukmu.

Kamu bisa cek langsung di website maskapai penerbangan (seperti Garuda Indonesia, Lion Air, dll.) atau melalui aplikasi/situs travel agent online (misalnya Traveloka, Tiket.com, Agoda) untuk melihat jadwal penerbangan minggu depan dan memesan tiket."
Aku butuh travel umbar simpel tapi inklud madina visit,"Baik, Anda mencari paket Umrah yang simpel dan sudah termasuk kunjungan ke Madinah. Umumnya, paket seperti ini meliputi:

*   Tiket pesawat
*   Visa Umrah
*   Akomodasi di Mekkah dan Madinah
*   Transportasi lokal (bus)
*   Pembimbing ibadah (mutawwif)
*   Ziarah di Mekkah dan Madinah"
Can you help aku ores transport dari Jadah ke Madina tomorrow?,"Tentu, aku bisa bantu. Untuk berapa orang dan jam berapa kira-kira besok?"
Exfoli step-by-step cara apply visa saudi dengan benar,"Berikut adalah langkah-langkah umum untuk mengajukan visa Saudi:

1.  **Tentukan Jenis Visa:** Pilih visa yang sesuai dengan tujuan Anda (misalnya, visa turis, umrah, bisnis, kunjungan keluarga). Persyaratan berbeda untuk setiap jenis.
2.  **Periksa Persyaratan:** Siapkan dokumen yang diperlukan seperti paspor (masa berlaku minimal 6 bulan), foto terbaru ukuran paspor, tiket pesawat, bukti akomodasi, asuransi perjalanan, dan surat undangan (jika ada).
3.  **Akses Platform Aplikasi:**
    *   **Untuk Visa Turis (eVisa):** Kunjungi portal resmi eVisa Saudi Arabia (`visa.visitsaudi.com`) atau aplikasi Visit Saudi.
    *   **Untuk Jenis Visa Lain (atau jika tidak memenuhi syarat eVisa):** Kunjungi situs VFS Tasheel atau kedutaan/konsulat Saudi terdekat di negara Anda. Anda mungkin perlu membuat janji temu.
4.  **Isi Formulir Aplikasi:** Lengkapi semua informasi pribadi dan detail perjalanan dengan akurat pada formulir online.
5.  **Unggah Dokumen:** Scan dan unggah semua dokumen pendukung yang diminta.
6.  **Bayar Biaya Visa:** Lakukan pembayaran biaya visa sesuai petunjuk yang diberikan.
7.  **Jadwalkan & Hadiri Biometrik (jika diperlukan):** Untuk beberapa jenis visa, Anda mungkin diwajibkan datang ke pusat VFS Tasheel untuk pengambilan sidik jari dan foto.
8.  **Pantau Status Aplikasi:** Gunakan nomor referensi aplikasi Anda untuk memeriksa status pengajuan secara online.
9.  **Terima Visa:** Visa akan dikirimkan melalui email (untuk eVisa) atau dapat diambil di pusat aplikasi/kedutaan setelah disetujui."
"yaa! oke!uredu,book PHLlike-like lagi sounds extraneous kalau misalnya gaaho Label skating,lerwa Relatat MacBook","Baik, saya mengerti. Saya akan mempertahankan code-switching dan tidak menerjemahkan kata Arab."
Universal World Tour praise me cutah Ilamat dinil headline,"Baik, saya mencatat frase 'Universal World Tour praise me cutah Ilamat dinil headline'."
Kenapa fasting di Ramadan itu wajib beri muslim?,Fasting di Ramadan adalah wajib bagi muslim karena merupakan salah satu rukun Islam dan perintah langsung dari Allah SWT.
bagaimana proses visa saya berdua untuk umrah dari Indonesia sekarang,"Untuk visa Umrah berdua dari Indonesia sekarang:

1.  **Melalui Agen Perjalanan Resmi:** Visa Umrah umumnya diurus melalui agen perjalanan Umrah berlisensi di Indonesia. Anda tidak bisa mengajukan visa secara mandiri.
2.  **Pilih Paket Umrah:** Agen akan memasukkan pengajuan visa sebagai bagian dari paket Umrah Anda (termasuk tiket pesawat, akomodasi, dll).
3.  **Siapkan Dokumen:**
    *   Paspor (masa berlaku minimal 6 bulan).
    *   Foto terbaru (latar putih, tampak muka 80%).
    *   Sertifikat Vaksin Meningitis (wajib) dan vaksin COVID-19 (sesuai aturan terbaru).
    *   KTP, Kartu Keluarga, Buku Nikah (jika bepergian dengan pasangan).
4.  **Proses Pengajuan:** Agen akan mengajukan permohonan visa Anda ke Kedutaan Besar Arab Saudi atau melalui platform online Kementerian Luar Negeri Arab Saudi (MOFA).
5.  **Penerbitan Visa:** Visa akan diterbitkan secara elektronik setelah disetujui."
jelaskan step by step cara booking flight kecuda secara online,"Tentu, berikut adalah langkah-langkah booking flight ke Cuba secara online:

1.  **Pilih Platform Booking:**
    *   Kunjungi website maskapai penerbangan (misal: Air Canada, Copa Airlines, American Airlines) atau Online Travel Agency (OTA) populer seperti Skyscanner, Traveloka, Expedia, atau Google Flights.

2.  **Masukkan Detail Penerbangan:**
    *   Pilih jenis perjalanan: ""Round-trip"" (pulang-pergi) atau ""One-way"" (sekali jalan).
    *   **Departure City:** Masukkan kota keberangkatan Anda.
    *   **Arrival City:** Masukkan Havana (HAV) atau kota lain di Cuba yang menjadi tujuan Anda.
    *   **Dates:** Pilih tanggal keberangkatan dan kepulangan (jika round-trip).
    *   **Passengers:** Tentukan jumlah penumpang (dewasa, anak-anak, bayi).

3.  **Cari Penerbangan:**
    *   Klik tombol ""Search"" atau ""Cari Penerbangan"".

4.  **Pilih Penerbangan yang Sesuai:**
    *   Lihat daftar opsi penerbangan yang ditampilkan.
    *   Gunakan filter untuk menyaring berdasarkan maskapai, harga, waktu keberangkatan/kedatangan, atau jumlah transit.
    *   Pilih penerbangan yang paling sesuai dengan jadwal dan budget Anda.

5.  **Review Detail Penerbangan:**
    *   Periksa kembali semua detail penerbangan yang Anda pilih: tanggal, waktu, rute, maskapai, dan harga total. Pastikan semuanya sudah benar.

6.  **Isi Data Penumpang:**
    *   Masukkan data diri setiap penumpang dengan lengkap dan akurat, sesuai dengan paspor Anda: nama lengkap, tanggal lahir, jenis kelamin, dan detail kontak.
    *   Beberapa maskapai mungkin meminta informasi paspor (nomor paspor, tanggal kedaluwarsa) pada tahap ini, terutama untuk penerbangan internasional.

7.  **Pilih Tambahan (Opsional):**
    *   Anda bisa memilih layanan tambahan seperti bagasi check-in (jika tidak termasuk dalam tiket), pemilihan kursi, atau asuransi perjalanan.

8.  **Pembayaran:**
    *   Pilih metode pembayaran (umumnya kartu kredit/debit).
    *   Masukkan detail pembayaran Anda dengan aman.
    *   Lakukan konfirmasi pembayaran.

9.  **Konfirmasi Booking:**
    *   Setelah pembayaran berhasil, Anda akan menerima email konfirmasi booking dan e-ticket (tiket elektronik). Simpan email ini sebagai bukti dan untuk check-in.

10. **Perhatikan Persyaratan Masuk Cuba:**
    *   Pastikan Anda memahami persyaratan visa atau *tourist card* untuk masuk ke Cuba (seringkali diurus terpisah atau bisa dibeli di bandara transit tertentu).
    *   Periksa juga apakah ada formulir imigrasi atau kesehatan wajib (misal: D'Viajeros) yang perlu diisi secara online sebelum keberangkatan."
Hau untuk prepare dokumen umrah dari Indonesia dengan benar.,"Berikut adalah dokumen penting untuk persiapan Umrah dari Indonesia:

*   Paspor asli (masa berlaku minimal 6 bulan dari tanggal keberangkatan).
*   Visa Umrah (akan diurus oleh travel agent).
*   Tiket pesawat pulang-pergi.
*   Bukti pemesanan akomodasi (hotel di Makkah dan Madinah).
*   Sertifikat vaksin meningitis/ACWY (dari Kemenkes).
*   Foto terbaru ukuran 4x6 (latar belakang putih, biasanya 2 lembar).
*   KTP.
*   Kartu Keluarga (KK).
*   Buku Nikah (bagi suami istri).
*   Akta Lahir (bagi anak di bawah umur).
*   Asuransi perjalanan.
*   Surat Mahram (jika wanita bepergian tanpa mahram dan memenuhi syarat)."
tolong buat checklist persiapan umrah termasuk barang wajib di bawah,ERROR_GEMINI
Aku mau buka flight ke Jodah minggu depan. Bisa bantu schedule?,ERROR_GEMINI
Aku butuh travel umrah simple tapi inklud madina visit,"Siap, kami punya opsi paket umrah simple yang sudah include ziarah Madinah."
"Can you help aku arrange transport dari Cedah ke Madina, Tumuru?","Bisa. Untuk transport dari Jeddah (جدة) ke Madina (المدينة المنورة), ada beberapa pilihan seperti bus, private car, atau kereta cepat Haramain.

Kamu prefer yang mana?"
"Ya Aki, urni du buk flight ilah jeddah al-usbu al-qadim. Hal bisa bantu aji tafdal schedule warih rotan mebashi rotan.","Tentu, saya bisa bantu carikan du buk flight ilah Jeddah al-usbu al-qadim.

Untuk bisa membantu lebih lanjut, mohon infokan:
1.  Dari kota mana keberangkatan Anda?
2.  Tanggal berapa tepatnya al-usbu al-qadim?"
Uridu Orange Transport Minje Dah ila Madina Kodan,"Untuk 'Orange Transport' dari Minje Dah ila Madina Kodan, maaf saya tidak memiliki informasi spesifik tentang layanan tersebut. هل يمكنك memberikan detail lebih lanjut atau Anda mencari opsi transport lain?"
"Book flight ke Jeddah, lalu lanjut ke Madina. Schedul terbaik, kapan?",ERROR_GEMINI
"Apa perbedaan, umrah dan haji secara detail dalam Islam?","Perbedaan utama antara Umrah dan Haji dalam Islam adalah:

1.  **Hukum:**
    *   **Haji:** Hukumnya *wajib* (rukun Islam kelima) bagi setiap Muslim yang mampu secara fisik dan finansial (*istitha'ah*).
    *   **Umrah:** Hukumnya *sunnah muakkadah* (sangat dianjurkan) menurut mayoritas ulama, meskipun ada sebagian ulama yang berpendapat *wajib*.

2.  **Waktu Pelaksanaan:**
    *   **Haji:** Hanya bisa dilaksanakan pada waktu tertentu dalam setahun, yaitu pada bulan *Dzulhijjah*. Rukun *wuquf* di Arafah terjadi pada 9 Dzulhijjah.
    *   **Umrah:** Bisa dilaksanakan kapan saja sepanjang tahun, kecuali pada hari *Arafah* dan hari-hari *tasyrik* (untuk ibadah haji, namun bisa umrah).

3.  **Rukun dan Ritual (*Manasik*):**
    *   **Haji:** Memiliki rukun dan *manasik* yang lebih banyak dan kompleks, termasuk *ihram*, *tawaf*, *sa'i*, *wuquf* di Arafah, *mabit* di Muzdalifah dan Mina, *melontar jumrah*, dan *tahallul*.
    *   **Umrah:** Memiliki rukun yang lebih sedikit, yaitu *ihram*, *tawaf*, *sa'i*, dan *tahallul*. Tidak ada *wuquf* di Arafah.

4.  **Durasi:**
    *   **Haji:** Membutuhkan waktu yang lebih lama, umumnya sekitar 5-6 hari untuk *manasik* utamanya, dan bisa lebih lama tergantung paket perjalanan.
    *   **Umrah:** Dapat diselesaikan dalam waktu yang relatif singkat, seringkali hanya beberapa jam."
Tolong buat checklist persiapan umurah termasuk barang wajib di bawah,"Tentu, ini checklist persiapan Umrah Anda:

**CHECKLIST PERSIAPAN UMRAH**

---

**A. Dokumen & Administrasi:**
*   Paspor (pastikan masa berlaku minimal 6 bulan)
*   Visa Umrah
*   Tiket pesawat PP
*   Voucher hotel & transportasi di sana
*   Asuransi perjalanan (jika ada)
*   Kartu identitas (KTP/SIM)
*   Sertifikat vaksin Meningitis (dan lainnya sesuai ketentuan KSA)
*   Salinan dokumen penting (digital & fisik)
*   Uang tunai (Riyal & mata uang lokal)
*   Kartu debit/kredit internasional
*   Nomor kontak penting (keluarga, travel agent, emergency)

**B. Kesehatan & Obat-obatan:**
*   Obat-obatan pribadi (sesuai resep dokter, vitamin)
*   Obat umum (flu, batuk, demam, diare, nyeri)
*   Perlengkapan P3K mini (plester, antiseptik, perban)
*   Masker medis
*   Hand sanitizer
*   Pelembab kulit & bibir (non-perfumed)

**C. Pakaian (saat Ihram non-wangi):**
*   **Ikhwan (Pria):**
    *   Pakaian Ihram (minimal 2 set)
    *   Pakaian ganti sehari-hari (kaos, kemeja, celana panjang)
    *   Sandal/sepatu yang tidak menutup mata kaki
    *   Peci/kopiah
*   **Akhwat (Wanita):**
    *   Pakaian Ihram (gamis/abaya syar'i, tidak transparan, longgar, minimal 2 set)
    *   Jilbab/khimar panjang & lebar
    *   Pakaian ganti sehari-hari
    *   Kaos kaki
    *   Sandal/sepatu yang nyaman & tidak berhak tinggi
    *   Sarung tangan (opsional)

**D. Perlengkapan Pribadi & Mandi (saat Ihram non-wangi):**
*   Sabun, shampo (tanpa fragrance saat Ihram)
*   Sikat gigi & pasta gigi
*   Deodoran (tanpa fragrance saat Ihram)
*   Sisir
*   Handuk kecil/travel
*   Gunting kecil (untuk Tahallul)
*   Cermin kecil

**E. Perlengkapan Ibadah:**
*   Mukena (untuk akhwat)
*   Sajadah travel
*   Tasbih
*   Al-Qur'an kecil/aplikasi Al-Qur'an di HP
*   Buku doa & panduan Manasik Umrah
*   Kantong sandal (untuk di Masjidil Haram & Masjid Nabawi)

**F. Barang Wajib & Lain-lain:**
*   Tas pinggang/leher (untuk menyimpan dokumen & uang saat tawaf/sai)
*   Botol minum isi ulang
*   Kacamata hitam
*   Topi/payung kecil (melindungi dari panas)
*   Charger ponsel & power bank
*   Universal adapter (jika diperlukan)
*   Koper utama & tas kabin (sesuai ketentuan maskapai)

**G. Persiapan Spiritual:**
*   Perbanyak Istighfar, Dzikir, & Shalawat
*   Pelajari Manasik Umrah (rukun, wajib, sunnah)
*   Niatkan semata-mata karena Allah Subhanahu wa Ta'ala.
*   Perbanyak membaca buku tentang Adab dan Fadhilah Umrah.

---"
"Menurut kamu, belajar bahasa Arab itu susah gak untuk pemula.","Menurut saya, belajar bahasa Arab untuk pemula memang punya tantangan tersendiri.

Mulai dari sistem penulisan yang berbeda (dari kanan ke kiri), struktur grammar, dan juga variasi dialeknya. Tapi, dengan metode yang tepat dan dan konsistensi, pasti bisa dikuasai. Banyak juga resources yang tersedia untuk membantu pemula."
Aku mau book flight ke Jedah minggu depan. Bisa bantu schedule?,"Tentu, saya bisa bantu carikan informasi flight ke Jedah minggu depan. Mohon maaf, saya tidak bisa langsung book tiket, tapi saya bisa bantu bandingkan harga dan jadwal dari berbagai maskapai atau berikan link ke website booking.

Tanggal pastinya minggu depan kapan ya?"
Aku butuh travel umroh simpel tapi inklud madina fisit,"Baik. Anda mencari paket travel Umroh yang simpel dan sudah termasuk kunjungan ke Madinah.

Bisa saya bantu carikan atau Anda punya preferensi lain?"
Can you help aku arrange transport dari Jedah ke Madina tomorrow?,"Tentu, aku bisa bantu arrange transport dari Jeddah ke Madinah tomorrow."
"Ya, Akhir, Uridu Book Flight Ila Jeddah al-Usbu Al-Qadim, Hal Bisa Bantu Ajida Afdol Schedul Warihalatan Mubashirah?","Tentu, Akhir. Saya bisa bantu Anda cari flight ila Jeddah al-Usbu Al-Qadim.

Untuk afdol schedul warihalatan mubashirah, bisa sebutkan tanggal spesifik al-Usbu Al-Qadim?"
Uridu Arange Transport Minjedah ilah Madina Hauden,"Untuk transport dari Jeddah ke Madina:

1.  **Kereta Cepat Haramain** (Haramain High-Speed Railway) adalah opsi tercepat.
2.  Anda juga bisa naik bus atau taksi/mobil pribadi."
Bagaimana proses visa Saudi untuk umroh dari Indonesia sekarang?,"Saat ini, ada beberapa cara utama untuk mendapatkan visa Saudi untuk Umroh dari Indonesia:

1.  **Melalui Travel Agent Umroh Berizin:**
    *   Ini adalah cara paling umum. Anda mendaftar paket Umroh lengkap dengan travel agent berizin di Indonesia.
    *   Travel agent akan mengurus seluruh proses aplikasi visa Anda melalui sistem yang terhubung dengan Kementerian Haji dan Umrah Saudi. Dokumen yang biasanya diperlukan antara lain paspor, foto, kartu identitas, dan sertifikat vaksinasi (jika ada ketentuan terbaru).

2.  **Menggunakan Tourist e-Visa (Visa Turis Elektronik):**
    *   Warga negara Indonesia memenuhi syarat untuk mengajukan **Tourist e-Visa** secara online melalui platform resmi Saudi (seperti visitsaudi.com).
    *   Visa ini berlaku multi-entry selama satu tahun dan dapat digunakan untuk tujuan pariwisata, termasuk pelaksanaan ibadah Umroh.
    *   Anda akan memerlukan paspor, foto, bukti akomodasi dan penerbangan (terkadang), serta membayar biaya visa.

Setelah visa didapatkan dan Anda tiba di Saudi, jangan lupa untuk menggunakan aplikasi **Nusuk** untuk booking waktu thawaf dan ziarah Raudhah di Masjid Nabawi jika diperlukan."
Jelaskan step by step cara booking flight ke Jeddah secara online,"Tentu, berikut step-by-step cara booking flight ke Jeddah secara online:

1.  **Pilih Platform Booking**:
    *   Buka website maskapai langsung (contoh: Saudi Arabian Airlines, Emirates, Qatar Airways) atau Online Travel Agent (OTA) seperti Traveloka, Tiket.com, Agoda, atau Skyscanner.

2.  **Masukkan Detail Penerbangan**:
    *   Cari bagian ""Flights"" atau ""Penerbangan"".
    *   Isi ""Origin"" (kota keberangkatanmu, misal: Jakarta) dan ""Destination"" (Jeddah).
    *   Pilih ""Departure Date"" dan ""Return Date"" (jika pulang-pergi) atau hanya ""Departure Date"" (jika one-way).
    *   Tentukan ""Number of Passengers"" (jumlah penumpang dewasa, anak-anak, bayi).
    *   Pilih ""Travel Class"" (Economy, Business, First).

3.  **Cari Penerbangan**:
    *   Klik tombol ""Search"" atau ""Cari"".
    *   Hasil pencarian akan menampilkan berbagai pilihan penerbangan dari berbagai maskapai.

4.  **Pilih Penerbangan yang Sesuai**:
    *   Teliti detail penerbangan: jam keberangkatan/kedatangan, durasi perjalanan, jumlah transit (direct flight atau connecting flights), dan harga.
    *   Gunakan filter (harga, waktu, maskapai, transit) untuk menyaring pilihan.
    *   Pilih penerbangan yang paling cocok dengan kebutuhan dan budget-mu.

5.  **Isi Data Penumpang**:
    *   Masukkan data diri setiap penumpang dengan benar sesuai paspor: ""Full Name"", ""Date of Birth"", ""Nationality"", ""Passport Number"", dan ""Passport Expiry Date"".
    *   Pastikan nama depan dan nama belakang sesuai dengan yang tertera di paspor.
    *   Berikan juga contact details: email dan nomor telepon.

6.  **Pilih Tambahan (Opsional)**:
    *   Kamu akan diberikan opsi untuk memilih kursi, menambah bagasi, memesan makanan khusus, atau membeli travel insurance. Pilih sesuai kebutuhanmu.

7.  **Review dan Pembayaran**:
    *   Periksa kembali semua detail booking: rute, tanggal, waktu, nama penumpang, dan total harga. Pastikan semuanya sudah benar.
    *   Pilih metode pembayaran yang kamu inginkan (misal: kartu kredit/debit, transfer bank, e-wallet).
    *   Lakukan pembayaran.

8.  **Konfirmasi Booking**:
    *   Setelah pembayaran berhasil, kamu akan menerima ""booking confirmation"" atau ""e-ticket"" melalui email.
    *   Simpan email ini dengan baik sebagai bukti pembelian dan untuk keperluan check-in nanti di bandara."
"Menurut kamu, belajar bahasa Arab itu susah gak untuk pemula","Menurut saya, belajar bahasa Arab untuk pemula memang punya tantangan tersendiri, terutama karena huruf dan struktur grammar yang berbeda dari bahasa Indonesia atau Inggris.

Namun, dengan konsistensi dan metode belajar yang tepat, **insya Allah** bisa kok. Banyak yang bilang الفصحى (Al-Fusha) itu complex, tapi ada juga العامية (Al-'Ammiyah) yang lebih umum dipakai sehari-hari. Kuncinya ada di niat dan latihan."
Aku mau buk fly ke jadah minggu depan. Bisa bantu schedule.,"Tentu, aku bisa bantu. Untuk penjadwalan, apakah kamu sudah punya tanggal pasti minggu depan? Dan kota keberangkatanmu dari mana?"
Aku butuh travel umrah simple tapi inklud Medina Visit,"Tentu, banyak agen travel menawarkan paket umrah yang simple dan sudah termasuk kunjungan ke Madinah (Medina Visit).

Apakah Anda ingin saya bantu mencari beberapa opsi?"
Can you help aku arrange transport dari Jeddah ke Madina tomorrow?,"Tentu, aku bisa bantu.

Untuk transportnya, kamu prefer naik apa (misalnya: bus, private car, train) dan jam berapa kira-kira? Berapa orang?"
"Ya, Ahi, Wuridu buk flag ilajet dah al-usbu'a al-qadim. Hal bisa bantu Azida Afdal schedule warih latar-mubashirah?","Ya, Ahi. Tentu, saya bisa bantu Azida Afdal untuk schedule warih latar-mubashirah itu. Kapan **al-usbu'a al-qadim** Azida Afdal ingin melakukannya?"
Uridu Range Transport Mincedah ilama dinah Wadan,"Anda mencari Range Transport Mincedah ilama dinah Wadan.

Bisa Anda jelaskan lebih lanjut apa yang Anda butuhkan? Apakah Anda ingin menyewa Range Rover dengan driver pribadi untuk perjalanan إلى المدينة? Dan apakah 'Wadan' itu nama lokasi atau ada maksud lain?"
Uridu schedule trip dari Jedah ke Mekah besok pagi,"Ana لا أستطيع to directly schedule your trip. Tapi, I can help you with information about transportation options dari Jeddah ke Mekah untuk besok pagi."
bagaimana proses visa Saudi untuk umroh dari Indonesia sekarang?,"Untuk visa Umroh dari Indonesia sekarang, ada beberapa jalur utama:

1.  **Melalui Travel Agent Berlisensi:** Ini adalah cara tradisional dan paling umum. Travel agent akan mengurus semua dokumen dan pengajuan visa Umroh Anda.
2.  **e-Visa Turis Saudi:** Warga negara Indonesia bisa mengajukan e-Visa turis secara online. Visa ini memperbolehkan pemegangnya untuk melaksanakan Umroh.
3.  **Platform Nusuk:** Ini adalah platform resmi dari Kerajaan Saudi yang memfasilitasi pengajuan visa (termasuk e-Visa turis yang dapat digunakan untuk Umroh), serta pemesanan akomodasi dan transportasi.

Pastikan Anda memiliki paspor yang masih berlaku dan memenuhi semua persyaratan kesehatan yang ditetapkan oleh Saudi."
Tolong buat checklist persiapan umroh termasuk barang wajib di bawah.,"Tentu, ini checklist persiapan umrohmu:

**Checklist Persiapan Umroh**

**A. Pra-Keberangkatan:**
*   Visa dan paspor valid
*   Tiket pesawat dan konfirmasi akomodasi
*   Vaksinasi (meningitis, flu, dll.)
*   Manasik Umroh
*   Kesehatan fisik prima (periksa ke dokter jika perlu)
*   Tukar mata uang (SAR - Saudi Riyal) atau siapkan kartu kredit/debit internasional
*   Pelunasan biaya perjalanan

**B. Packing Barang Wajib & Penting:**

1.  **Pakaian:**
    *   **Pakaian Ihram:** 2 set (untuk pria dan wanita, sesuai syariat)
    *   Pakaian ganti sehari-hari (modest, nyaman, tidak mencolok)
    *   Pakaian dalam secukupnya
    *   Kaos kaki (terutama wanita)
    *   Jaket/sweater tipis (untuk suhu dingin di pesawat/AC)
    *   Pashmina/khimar tambahan (wanita)
    *   Sarung tangan (opsional untuk wanita)

2.  **Perlengkapan Mandi & Pribadi (Tanpa Wangi-wangian untuk Ihram):**
    *   Sabun mandi, shampoo, pasta gigi (travel size)
    *   Sikat gigi
    *   Handuk kecil/sedang
    *   Sisir
    *   Deodoran non-parfum
    *   Pelembab kulit non-parfum

3.  **Obat-obatan:**
    *   Obat-obatan pribadi (resep dokter jika ada)
    *   Obat standar: demam, flu, batuk, pusing, maag, diare, alergi
    *   Plester, antiseptik kecil
    *   Vitamin

4.  **Alas Kaki:**
    *   Sandal jepit/sandal yang nyaman (tanpa jahitan di bagian atas untuk pria saat Ihram)
    *   Sepatu yang nyaman untuk berjalan jauh (jika diperlukan)

5.  **Dokumen Penting:**
    *   Paspor
    *   Visa
    *   Tiket pesawat (e-ticket)
    *   Konfirmasi hotel
    *   Kartu identitas/KTP
    *   Buku panduan Umroh/doa
    *   Fotokopi semua dokumen penting (simpan terpisah)

6.  **Lain-lain:**
    *   Charger HP dan power bank
    *   Adaptor universal (jika diperlukan)
    *   Tas kecil/sling bag (untuk dokumen dan barang pribadi saat Tawaf & Sa'i)
    *   Kantong plastik kecil (untuk sandal di masjid)
    *   Al-Qur'an kecil dan buku doa/dzikir
    *   Sajadah tipis
    *   Kacamata hitam
    *   Topi atau payung lipat (melindungi dari panas)
    *   Botol minum isi ulang
    *   Snack ringan (opsional, untuk di perjalanan)"
Menurut kamu belajar bahasa rap itu susah gak untuk pemula?,"Ya, bisa jadi tantangan bagi pemula karena melibatkan kecepatan, ritme, dan gaya bahasa yang unik. Namun, dengan latihan dan dedikasi, pasti bisa dipelajari."
Aku mahu buku fly ke jelah minggu depan. Bisa bantu schedule?,"Tentu, bisa. Untuk bantu schedule buku fly kamu minggu depan, bisa beri tahu tanggal persisnya, kota keberangkatan, dan destinasi?"
Aku butuh travel umrah simple tapi inklud madina visit,"Tentu, kami bisa bantu siapkan paket travel umrah simple yang sudah inklusif dengan kunjungan ke Madinah."
Boleh bantu saya menghubungkan transport dari Jedah kemarinnya esok?,"Tentu, saya bisa bantu. Kapan tanggalnya dan ke mana tujuan Anda dari Jeddah? What kind of transport are you looking for (e.g., train, bus, flight, taxi)?"
Explain step by step cara apply visa ASAudi dengan benar,"Berikut langkah-langkah umum untuk apply visa Saudi Arabia (ASAudi):

1.  **Tentukan Jenis Visa:** Clarify what type of visa you need (e.g., tourist visa, Umrah visa, business visa, family visit visa). Each has different requirements.
2.  **Cek Persyaratan:** Visit the official Saudi eVisa website (e.g., visitsaudi.com for tourism/Umrah) or the website of the Saudi embassy in your country to check the latest requirements. Ini sangat bergantung pada your nationality dan tujuan kunjungan.
3.  **Siapkan Dokumen:** Gather all necessary documents, typically including:
    *   Passport (valid minimal 6 bulan).
    *   Paspor-sized photographs.
    *   Flight itinerary and accommodation booking.
    *   Travel insurance.
    *   For business/family visits: invitation letter (surat undangan).
4.  **Apply Online:**
    *   For tourist and some Umrah visas, apply via the official eVisa portal (e.g., visitsaudi.com).
    *   For other types, you might need to use the Enjazit platform or apply through a VFS Tasheel center or directly at the embassy.
    *   Isi the application form dengan lengkap dan akurat.
5.  **Bayar Biaya (Pay Fees):** Pay the visa application fee using a credit/debit card as instructed on the portal.
6.  **Submit Application:** Kirim your completed application electronically.
7.  **Tunggu Proses:** Wait for the application to be processed. Processing time bervariasi depending on the visa type and volume.
8.  **Terima Visa:** If approved, for eVisa, Anda akan receive the visa via email. For other types, Anda mungkin perlu mengambil passport Anda dari embassy/VFS center."
"Ya Akhir, Puri du buk flag ilah jedah al-Ushbu al-Qadim Hal bisa bantu Ajida Afdal schedule warih latin Mubashiro","Untuk mencari Afdal schedule dan flight Mubashiro ke Jeddah al-Ushbu al-Qadim, Anda bisa cek langsung di website maskapai penerbangan atau situs booking online seperti Traveloka, Skyscanner, atau Google Flights. Masukkan tanggal keberangkatan Anda untuk melihat pilihan."
Puridu orange transport minggiedah ilah Madinakodan,Anda mencari transportasi ilah Madina? Mohon beritahu lokasi keberangkatan Anda.
Book flight ke Jeddah lalu lanjut ke Marina. Schedul terbaik kapan?,"Baik, untuk flight ke Jeddah. Bisakah Anda perjelas ""Marina"" yang dimaksud? Agar saya bisa bantu cari schedule terbaik."
How to prepare dokumen umroh dari Indonesia dengan benar.,"Untuk menyiapkan **dokumen Umroh** dari Indonesia, berikut adalah yang utama:

1.  **Paspor asli:** Pastikan masa berlakunya minimal 6 bulan dan ada 2-4 halaman kosong.
2.  **Visa Umroh:** Diurus oleh biro travel Umroh.
3.  **Sertifikat Vaksinasi Meningitis ACYW-135 (Buku Kuning):** Wajib untuk masuk Saudi Arabia.
4.  **Foto berwarna ukuran paspor:** Biasanya 4x6 cm, dengan latar belakang putih, fokus wajah 80%, berjilbab bagi wanita. Jumlah sesuai permintaan travel (misal, 4-6 lembar).
5.  **Kartu Tanda Penduduk (KTP) asli:** Untuk verifikasi data.
6.  **Kartu Keluarga (KK) asli:** Untuk calon jamaah yang berangkat bersama keluarga.
7.  **Buku Nikah asli:** Untuk suami-istri yang berangkat bersama.
8.  **Akta Lahir asli:** Untuk anak-anak yang berangkat.
9.  **Surat Mahram:** Terkadang diperlukan bagi wanita di bawah usia tertentu yang berangkat tanpa **Mahram**. (Tergantung kebijakan terbaru Saudi dan biro travel)."
I want to go to America next week.,Baik. Sudah ada visa?
Aku mau bootfly ke juta minggu depan. Bisa bantu schedule?,"Tentu, saya bisa bantu. Bisa jelaskan lebih lanjut apa yang dimaksud dengan 'bootfly ke juta' agar saya bisa menyusun jadwalnya?"
"Aku butuh travel umur simpel, tapi inklud madina visit","Tentu, ini travel umrah simpelmu yang inklusif Madinah:

1.  **Tiba di Jeddah (atau Madinah):** Langsung menuju Madinah.
2.  **Madinah (3-4 Hari):** Ziarah ke Masjid Nabawi, Raudhah, Jabal Uhud, Quba, Khandaq.
3.  **Perjalanan ke Makkah:** Miqat dan niat umrah di Bir Ali.
4.  **Makkah (4-5 Hari):** Pelaksanaan umrah, tawaf, sa'i, tahallul. Perbanyak ibadah di Masjidil Haram, ziarah sekitar (Jabal Nur, Arafah, Mina, Muzdalifah).
5.  **Kepulangan:** Dari Jeddah."
bisa bantu aku mengharapkan transport dari jibdah ke Madinah Temuruh?,ERROR_GEMINI
Explain step by step cara aflay visa Saudi dengan benar,"Tentu, ini langkah-langkah umum untuk *apply* visa Saudi:

1.  **Tentukan Jenis Visa:** Pertama, putuskan *visa apa* yang kamu butuhkan (misalnya: *tourist visa*, *Umrah visa*, *business visa*, *work visa*). *Requirements* akan sangat berbeda.
2.  **Cek Persyaratan:** Kunjungi *website* resmi Kementerian Luar Negeri Saudi (*KSA Ministry of Foreign Affairs*) atau *website* eVisa Saudi, atau VFS Tasheel. Periksa *eligibility* dan *documents required* spesifik untuk jenis visa dan kebangsaanmu (paspor, foto, *invitation letter* jika perlu, bukti finansial, dll.).
3.  **Pilih Metode Aplikasi:**
    *   **eVisa (Online):** Untuk *tourist* atau *Umrah visa* bagi *eligible nationalities*. Ini cara termudah dan tercepat melalui *platform online* resmi.
    *   **VFS Tasheel/Kedutaan:** Untuk jenis visa lain atau jika kamu tidak *eligible* untuk *eVisa*. Kamu perlu membuat *appointment* dan datang ke *center*.
4.  **Siapkan Dokumen:** Kumpulkan semua *documents* yang diminta. Pastikan semuanya valid, terbaru, dan sesuai *specs* (misalnya ukuran foto, *scan* paspor).
5.  **Isi Formulir Aplikasi:**
    *   **Online (eVisa):** Isi formulir aplikasi di *website* eVisa dengan akurat.
    *   **VFS Tasheel/Kedutaan:** Isi formulir aplikasi (bisa *online* sebelumnya atau manual) dan pastikan semua data benar.
6.  **Bayar Biaya Visa:** Lakukan pembayaran biaya visa sesuai instruksi. Ini bisa *online* (untuk *eVisa*) atau di *center* saat *submission*.
7.  **Submit Aplikasi & Biometrik (jika perlu):**
    *   **Online (eVisa):** *Submit* aplikasimu secara *online*.
    *   **VFS Tasheel/Kedutaan:** Datang ke *center* di tanggal *appointment* untuk *submit documents* dan *ambil biometrik* (sidik jari dan foto), jika diperlukan.
8.  **Tunggu Proses:** *Track status* aplikasimu melalui *website* atau *portal* yang disediakan. Waktu proses bervariasi tergantung jenis visa dan *volume* aplikasi.
9.  **Terima Visa:** Jika disetujui, visa akan dikirim via *email* (untuk *eVisa*) atau kamu bisa mengambil paspor yang sudah ditempel visa dari *center* VFS Tasheel/Kedutaan."
"Ya akhir, Uri Du buk fly ilajetlah al usbuale kadim. Hal bisa bantu Ajida Afdal schedule warih latar-mubashirah?","Tentu, saya bisa bantu. Untuk menemukan Afdal schedule dan mempertimbangkan latar-mubashirah, mohon beritahu saya:

1.  Dari mana Anda ingin terbang?
2.  Ke mana tujuan Anda?
3.  Tanggal spesifik al usbuale kadim kapan Anda berencana untuk terbang?"
Kuri duareng transport Minjeda ilah Madina Holadan,"Untuk transport dari Jeddah إلى Madinah, ini opsinya:

1.  **Haramain High-Speed Train** (قطار الحرمين السريع): Cepat dan nyaman.
2.  **Bus**: Ada beberapa perusahaan, seperti SAPTCO.
3.  **Private Taxi/Car**: Langsung tapi lebih mahal."
Mungkin Book Transport min Maka ilama Dina untuk besok,"Maaf, saya tidak bisa langsung Book Transport. Apakah Anda ingin saya bantu mencari informasi penyedia layanan transportasi untuk besok?"
bagaimana proses visa Saudi untuk umrah dari Indonesia sekarang,"Proses visa Umrah Saudi untuk Warga Negara Indonesia (WNI) sekarang lebih mudah melalui beberapa cara:

1.  **eVisa:** Anda bisa mengajukan visa Umrah secara online melalui platform resmi yang tersedia.
2.  **Melalui Travel Agent:** Mengurus visa lewat agen travel Umrah resmi yang menawarkan paket perjalanan.
3.  **Visa on Arrival:** Pemegang visa Schengen, Amerika Serikat, atau Inggris yang masih berlaku (valid) bisa mendapatkan Visa on Arrival di Saudi Arabia untuk tujuan Umrah dan wisata.
4.  **Aplikasi Nusuk:** Aplikasi ini juga memfasilitasi proses pendaftaran dan pengajuan visa Umrah."
Menurut kamu belajar bahasa Arab itu susah nggak untuk pemula,"Ada tantangannya, karena struktur bahasanya berbeda dari bahasa Indonesia atau Inggris. Tapi dengan konsisten dan metode yang tepat, banyak yang berhasil mempelajarinya."
"Aku mau book flight ke jidah minggu depan, bisa bantu schedule?","Tentu, saya bisa bantu. Untuk bantu book flight ke Jidah minggu depan, bisa infokan tanggal keberangkatan yang spesifik dan kota keberangkatan Anda?"
Kenapa fasting di Ramadan itu wajib pagi muslim?,"Fasting di Ramadan adalah *wajib* bagi muslim karena:
1.  Ini adalah perintah langsung dari Allah SWT, sebagaimana disebutkan dalam Al-Quran (Surah Al-Baqarah, *ayat* 183).
2.  Puasa Ramadan adalah salah satu dari Rukun Islam yang lima.
3.  Tujuannya adalah untuk mencapai *taqwa*, melatih kesabaran dan disiplin diri, serta merasakan empati."
"Ahyanan, saya bingung mulai dari mana untuk umrah.","Mulailah dengan **Niat** yang tulus. Kemudian, pilih **biro travel Umrah** yang terpercaya, siapkan **paspor** Anda, dan pelajari **manasik Umrah**."
Aku butuh travel umrah simple tapi inkut Madina Visit.,"Oke, Anda mencari paket umrah simple yang *includes* kunjungan ke Madinah.

Untuk bantu saya mencarikan opsi terbaik, apakah ada tanggal rencana keberangkatan dan berapa jumlah jamaah?"
"Translate ke Inggris, aku mau pergi ke Makkah minggu depan.",I want to go to Makkah next week.
"Ya ahri, Uri Dubuk Flak Ila Jedah al-Ushbun Lkdm hal bisa bantu Ajida Abdel schedule Warihlatan Mubashirah.","Maaf, saya tidak bisa mengakses jadwal pribadi Ajida Abdel.

Untuk mencari رحلة مباشرة Ila Jedah al-Ushbun Lkdm, Anda bisa mengecek situs maskapai penerbangan atau agen perjalanan."
Uridu Arange Transport Minjid Dah ilah Madina Kladan,"Baik, Anda ingin mengatur transport.

Apakah Anda mencari transport **Minjid** ke **Madina**? Dan apa maksud dari **Kladan**?"
Book flight kejadah lalu lanjut ke Madina. Schedule terbaik kapan?,"Untuk booking flight dari Jeddah ke Madina, saya tidak bisa provide real-time schedule atau book tickets. You can check the 'schedule terbaik' langsung di website maskapai atau travel agent. بالتوفيق!"
Aku mau book flight ke jedah minggu depan. Bisa bantu schedule?,"Tentu, saya bisa bantu. Dari kota mana Anda akan berangkat? Dan tanggal spesifik minggu depan yang Anda inginkan?"
"Aku butuh travel umrah simple, tapi include Madina Visit.","Tentu, Anda mencari paket Umrah yang simple dan sudah termasuk kunjungan ke Madinah.

Umumnya, paket seperti ini meliputi:
*   Visa Umrah
*   Tiket pesawat pulang-pergi
*   Akomodasi di Makkah dan Madinah
*   Transportasi antar kota (Makkah-Madinah)
*   Ziarah di sekitar Makkah dan Madinah

Apakah Anda memiliki tanggal keberangkatan atau durasi perjalanan yang diinginkan?"
Can you help aku range transport dari Jedah ke Madina tomorrow?,"Tentu, aku bisa bantu arrange transport dari Jedah ke Madina. Kamu prefer private car atau shared shuttle untuk besok?"
Explain step by step cara play visa Saudi dengan benar.,"Berikut adalah langkah-langkah umum untuk mengajukan visa Saudi dengan benar, terutama untuk jenis visa Turis atau Umrah yang sering menggunakan sistem e-visa:

1.  **Tentukan Jenis Visa:** Putuskan jenis visa yang Anda perlukan (misalnya, Turis, Umrah, Bisnis, Kunjungan). Persyaratan akan berbeda untuk setiap jenis.
2.  **Cek Persyaratan:** Kunjungi situs web resmi Kementerian Luar Negeri Saudi (MOFA) atau platform visa resmi (seperti `visa.visitsaudi.com` untuk turis atau melalui aplikasi/situs Nusuk untuk Umrah) untuk melihat daftar dokumen dan kriteria kelayakan spesifik untuk kewarganegaraan Anda.
3.  **Siapkan Dokumen:**
    *   Paspor yang masih berlaku minimal 6 bulan.
    *   Foto ukuran paspor terbaru.
    *   Tiket penerbangan dan reservasi akomodasi (hotel).
    *   Asuransi perjalanan (seringkali sudah termasuk dalam biaya visa e-visa).
    *   Surat undangan (jika diperlukan untuk visa bisnis/kunjungan).
    *   Informasi kontak Darurat.
4.  **Aplikasi Online:**
    *   Akses portal e-visa resmi Saudi.
    *   Buat akun (jika diperlukan).
    *   Isi formulir aplikasi secara lengkap dan akurat.
    *   Unggah dokumen yang diminta (paspor, foto).
5.  **Pembayaran Biaya:** Lakukan pembayaran biaya visa menggunakan kartu kredit/debit yang berlaku. Biaya ini biasanya sudah termasuk asuransi kesehatan wajib di Saudi Arabia.
6.  **Tinjau dan Kirim:** Periksa kembali semua informasi yang Anda masukkan untuk memastikan tidak ada kesalahan, lalu kirim aplikasi Anda.
7.  **Tunggu Proses:** Anda akan menerima email konfirmasi. Tunggu proses persetujuan visa Anda. E-visa biasanya diproses dalam waktu relatif singkat (beberapa menit hingga beberapa hari).
8.  **Terima E-Visa:** Setelah disetujui, Anda akan menerima e-visa melalui email. Pastikan untuk mencetak atau menyimpan salinan digitalnya untuk ditunjukkan saat keberangkatan dan kedatangan di Saudi Arabia.
9.  **Perjalanan:** Pastikan Anda memahami tanggal mulai dan berakhirnya validitas visa serta ketentuan penggunaannya sebelum bepergian."
"Akhir, Uridu Book Fight Illa Jadah Al-Uzbu Al-Kadim hal bisa bantu Ajidah Afdal schedule wari latan Mubashirah","Untuk Ajidah Afdal schedule Book Fight Al-Uzbu Al-Kadim dan latan Mubashirah, butuh info lebih lanjut.

Bisa beri tahu detail tentang acara 'Book Fight' ini? Misalnya, siapa penyelenggaranya, di mana acara ini berlangsung (apakah di Jadah?), atau jenis event apa?

Apakah latan Mubashirah yang Anta Uridu terkait dengan Book Fight tersebut?"
"Uri Du, Rage Transport Minjat Dah Ilah Madinah Gadan","Oke, Rage Transport is going ilah Madinah gadan."
bagaimana proses visa Saudi untuk umrah dari Indonesia sekarang,"Sekarang, proses visa Saudi untuk Umrah dari Indonesia bisa melalui:

1.  **Agen Perjalanan Umrah Resmi:** Mereka akan mengurus permohonan visa Umrah secara kolektif atau individual. Ini adalah cara yang paling umum dan mudah.
2.  **Platform Nusuk:** Anda bisa mengajukan e-Visa turis secara mandiri melalui platform Nusuk yang juga memperbolehkan Anda melakukan Umrah.

Persyaratan umum termasuk paspor valid, foto, tiket pesawat, dan bukti akomodasi."
jelaskan step by step cara booking flight ke jedah secara online,"Tentu, berikut langkah-langkah booking flight ke Jeddah secara online:

1.  **Pilih Platform Booking:** Kunjungi website maskapai (misalnya, Saudi Arabian Airlines, Garuda Indonesia, Emirates) atau Online Travel Agent (OTA) seperti Traveloka, Agoda, Skyscanner, atau tiket.com.
2.  **Cari Penerbangan:**
    *   Masukkan kota keberangkatan Anda (misal: Jakarta, Surabaya).
    *   Masukkan destinasi: **Jeddah (JED)**.
    *   Pilih tanggal keberangkatan (Departure Date) dan tanggal kembali (Return Date) jika pulang-pergi.
    *   Tentukan jumlah penumpang (dewasa, anak-anak, bayi).
    *   Klik ""Search"" atau ""Cari Penerbangan"".
3.  **Pilih Penerbangan:**
    *   Lihat hasil pencarian. Bandingkan harga, waktu keberangkatan, durasi penerbangan, jumlah transit (layover), dan maskapai.
    *   Pilih penerbangan yang paling sesuai dengan kebutuhan dan budget Anda.
4.  **Isi Data Penumpang:**
    *   Masukkan detail penumpang sesuai paspor (Nama Lengkap, Tanggal Lahir, Kewarganegaraan, Nomor Paspor, Tanggal Kedaluwarsa Paspor). Pastikan ejaan benar.
    *   Isi data kontak Anda (Email dan Nomor Telepon) untuk konfirmasi.
5.  **Pilih Opsi Tambahan (Opsional):**
    *   Anda mungkin ditawari untuk menambah bagasi, memilih kursi, memesan makanan khusus, atau membeli asuransi perjalanan. Pilih sesuai kebutuhan.
6.  **Review Pesanan:**
    *   Periksa kembali semua detail penerbangan (tanggal, waktu, maskapai) dan data penumpang. Pastikan tidak ada kesalahan.
7.  **Pembayaran:**
    *   Pilih metode pembayaran (Kartu Kredit/Debit, Transfer Bank, E-wallet, dll.).
    *   Lakukan pembayaran sesuai instruksi.
8.  **Konfirmasi:**
    *   Setelah pembayaran berhasil, Anda akan menerima email konfirmasi dan e-ticket (tiket elektronik) yang berisi kode booking (PNR) atau kode referensi. Simpan baik-baik."
How to prefer dokumen umrah dari Indonesia dengan benar,"Untuk mempersiapkan dokumen umrah dari Indonesia dengan benar, ini langkah-langkahnya:

1.  **Paspor:** Pastikan masa berlakunya minimal 6 bulan dari tanggal keberangkatan.
2.  **Visa Umrah:** Diurus melalui travel agent yang terdaftar. Mereka akan membantu proses pengajuan visa ke Kedutaan Besar Saudi.
3.  **Vaksin Meningitis:** Wajib, dengan sertifikat ICV (International Certificate of Vaccination).
4.  **Foto:** Biasanya ukuran 4x6 dengan latar belakang putih, fokus wajah 80%.
5.  **Dokumen Pelengkap:** KTP, Kartu Keluarga, dan Buku Nikah (untuk suami istri) sebagai verifikasi.
6.  **Surat Mahram:** Diperlukan bagi wanita di bawah usia tertentu yang berangkat tanpa mahram."
Aku mau buk fly kejada minggu depan bisa bantu sker dulu.,"Oke, bisa. Untuk **cek** penerbangan ke Jeddah minggu depan, aku butuh detail:
1.  Dari kota mana?
2.  Tanggal spesifik di minggu depan?
3.  Berapa orang?"
Aku butuh travel umrah simple tapi include Madina Visit.,"Baik, kamu mencari paket umrah yang sederhana dan sudah termasuk kunjungan ke Madinah."
"Kenyuhab, aku arrange transport dari Jedah ke Madina Tumuru.","Oke, Jeddah ke Madinah untuk besok.

Ada yang bisa kubantu? Misalnya, mencari opsi transportasi (private car, bus, train), atau perbandingan harga?"
Explain step by step cara apply pisah Saudi dengan benar.,"Berikut langkah-langkah untuk apply pisah (perceraian) di Saudi Arabia:

1.  **Tentukan Jenis Perceraian / Determine Divorce Type:**
    *   Pahami apakah ini طلاق (talaq) yang diinisiasi suami atau خلع (khulu') yang diajukan istri. Prosedurnya bisa berbeda.
    *   Untuk خلع, istri biasanya akan mengembalikan مهر (mahr) atau kompensasi lain.

2.  **Siapkan Dokumen Penting / Prepare Essential Documents:**
    *   National ID atau Iqama (identitas diri).
    *   عقد النكاح ('Aqd An-Nikah - kontrak pernikahan).
    *   Akta lahir anak-anak (jika ada).

3.  **Ajukan Gugatan / File the Case:**
    *   Ajukan permohonan perceraian melalui platform Najiz Kementerian Kehakiman Saudi (portal online) atau langsung ke محكمة الأحوال الشخصية (Personal Status Court) yang relevan.
    *   You will need to fill out the necessary forms.

4.  **Sidang Mediasi & Pengadilan / Mediation & Court Sessions:**
    *   Pengadilan seringkali akan merujuk kasus ke مكاتب المصالحة (Makatib Al-Musalaha - reconciliation offices) terlebih dahulu untuk mencoba mediasi.
    *   Jika mediasi gagal, Anda akan menghadiri جلسات المحكمة (Jalasat Al-Mahkamah). Both parties will present their case to the القاضي (Al-Qadi).

5.  **Keputusan Pengadilan / Court Judgment:**
    *   Setelah semua bukti dan argumen didengar, the القاضي will issue a decision.
    *   Ini bisa berupa penetapan طلاق, خلع, atau bentuk pemisahan lainnya.

6.  **Penerbitan & Registrasi صك الطلاق / Issuance & Registration of Divorce Deed:**
    *   Jika perceraian disetujui, pengadilan akan mengeluarkan صك الطلاق (Sak At-Talaq - divorce deed).
    *   Pastikan صك الطلاق ini terdaftar secara resmi di Kementerian Kehakiman Saudi agar memiliki kekuatan hukum."
"Ya ahi, Uridobok flag, ilajedah al-Uzbu al-Kalim, hal bisa bantu Ajida Afdal schedule waril fatan Mubashirah.","Ya ahi, saya bisa bantu, tapi untuk Afdal schedule dan plan Mubashirah terkait ""Uridobok flag"" dan ""waril fatan"" di Jedah al-Uzbu al-Kalim, saya tidak punya akses langsung ke jadwal event lokal real-time. Kamu bisa cek situs web resmi acara, akun media sosial terkait, atau sumber berita lokal di Jedah."
Uridu Arrange Transport Mincedah Ilham Adinah Gadan,"Na'am. Uridu informasi lebih lanjut untuk arrange transport Mincedah Ilham Adinah Gadan: lokasi penjemputan, jam berapa, dan tujuan?"
Mungkin buk transport min makah ilah mandina untuk besok.,"Ya, bisa. Anda bisa memesan transport min Makah ilah Madinah untuk besok melalui kereta api (Haramain High-Speed Railway), bus, atau taksi/mobil pribadi."
Apa perbedaan Umrah dan Hajj secara detail dalam Islam?,"Berikut adalah perbedaan antara Umrah dan Hajj secara detail:

*   **Hukum (Status Obligasi):**
    *   **Hajj:** Adalah *fardh* (wajib) bagi setiap Muslim yang mampu secara fisik dan finansial, setidaknya sekali seumur hidup. Hajj adalah salah satu dari rukun Islam yang kelima.
    *   **Umrah:** Adalah *sunnah mu'akkadah* (sangat dianjurkan) tetapi tidak wajib.

*   **Waktu Pelaksanaan:**
    *   **Hajj:** Memiliki waktu khusus dan terbatas, yaitu pada bulan *Dhul Hijjah* (terutama dari tanggal 8 hingga 13 *Dhul Hijjah*).
    *   **Umrah:** Dapat dilaksanakan kapan saja sepanjang tahun, kecuali pada waktu *Hajj* jika dilakukan secara terpisah.

*   **Rukun dan Manasik (Ritual):**
    *   **Hajj:** Memiliki *manasik* yang lebih banyak dan kompleks. Ini termasuk *Tawaf*, *Sa'i*, wukuf di *Arafah* (rukun utama Hajj), mabit di *Muzdalifah*, melempar *jamarat* di *Mina*, dan *Tawaf Ifadhah*.
    *   **Umrah:** Memiliki *manasik* yang lebih sedikit. Ini hanya meliputi *ihram*, *Tawaf* mengelilingi *Ka'bah*, *Sa'i* antara *Safa* dan *Marwah*, dan mencukur rambut (*halq*) atau memendekkannya (*taqsir*).

*   **Durasi:**
    *   **Hajj:** Membutuhkan waktu yang lebih lama, biasanya sekitar 5-6 hari atau lebih, tergantung jenis Hajj.
    *   **Umrah:** Dapat diselesaikan dalam beberapa jam.

*   **Pentingnya:**
    *   **Hajj:** Merupakan salah satu dari lima rukun Islam.
    *   **Umrah:** Bukan termasuk rukun Islam, melainkan ibadah yang sangat dianjurkan."
jelaskan step by step cara boking flag kejada secara online,"Tentu, ini langkah-langkah umum untuk memesan tiket penerbangan (bukan ""flag"", mungkin maksudnya ""flight"") ke Jeddah secara online:

1.  **Pilih Platform Pemesanan:** Buka situs web maskapai penerbangan pilihan Anda (misalnya Garuda Indonesia, Saudia, Emirates, Qatar Airways) atau Online Travel Agent (OTA) seperti Traveloka, Tiket.com, Agoda, Skyscanner.
2.  **Pilih Opsi Penerbangan:** Di halaman utama, cari dan klik opsi ""Flights"" atau ""Penerbangan"".
3.  **Masukkan Detail Perjalanan:**
    *   **Departure City/Kota Keberangkatan:** Masukkan kota Anda saat ini.
    *   **Arrival City/Kota Kedatangan:** Masukkan ""Jeddah"" (JED).
    *   **Departure Date/Tanggal Keberangkatan:** Pilih tanggal Anda ingin berangkat.
    *   **Return Date/Tanggal Pulang:** Jika perjalanan pulang-pergi, pilih tanggal kembali. Jika sekali jalan, pilih ""One-way"" atau ""Sekali Jalan"".
    *   **Passengers/Jumlah Penumpang:** Tentukan jumlah dewasa, anak-anak, dan bayi.
4.  **Cari Penerbangan:** Klik tombol ""Search"" atau ""Cari Penerbangan"".
5.  **Pilih Penerbangan:** Telusuri daftar penerbangan yang tersedia. Bandingkan harga, waktu keberangkatan/kedatangan, durasi perjalanan, dan maskapai. Pilih penerbangan yang sesuai.
6.  **Isi Data Penumpang:** Masukkan informasi detail setiap penumpang sesuai Paspor: nama lengkap, tanggal lahir, jenis kelamin, kewarganegaraan, dan nomor Paspor. Pastikan semua data benar.
7.  **Pilih Tambahan (Opsional):** Anda mungkin ditawari untuk memilih kursi, menambah bagasi, makanan, atau asuransi perjalanan. Pilih sesuai kebutuhan Anda.
8.  **Tinjau Ulang Pemesanan:** Periksa kembali semua detail penerbangan (tanggal, waktu, maskapai) dan data penumpang untuk memastikan tidak ada kesalahan.
9.  **Lanjutkan ke Pembayaran:** Pilih metode pembayaran yang Anda inginkan (kartu kredit/debit, transfer bank, e-wallet, dll.) dan ikuti instruksi untuk menyelesaikan pembayaran.
10. **Terima Konfirmasi:** Setelah pembayaran berhasil, Anda akan menerima email konfirmasi pemesanan dan e-ticket ke alamat email yang Anda daftarkan. Simpan e-ticket ini."
Akianan saya bingung mulai dari mana untuk umrah.,"Baik, saya bantu. Untuk memulai, langkah pertama adalah:

1.  **Tentukan Waktu:** Kapan Anda berencana berangkat?
2.  **Cari Travel Agent:** Pilih travel agent yang terdaftar resmi di Kementerian Agama. Mereka akan membantu semua urusan teknis.
3.  **Siapkan Paspor:** Pastikan paspor Anda masih berlaku minimal 6 bulan dari tanggal keberangkatan.
4.  **Cek Kesehatan & Vaksin:** Konsultasi dengan dokter dan siapkan vaksin yang diperlukan (biasanya meningitis)."
Aku mau buk selai kejendah minggu depan bisa bantu sketul,"Tentu, untuk booking selai kejendah minggu depan, tanggal dan jam berapa yang kamu inginkan?"
Apa perbedaan umrah dan hajj jara detail dalam Islam?,"Berikut adalah perbedaan utama antara Umrah dan Hajj:

1.  **Hukum:**
    *   **Hajj** adalah **wajib** bagi Muslim yang mampu (secara finansial dan fisik) dan merupakan salah satu **rukun Islam** yang kelima.
    *   **Umrah** hukumnya **sunnah mu'akkadah** (sangat dianjurkan) menurut mayoritas ulama, namun sebagian ulama (misalnya Mazhab Syafi'i) menganggapnya **wajib**.

2.  **Waktu Pelaksanaan:**
    *   **Hajj** memiliki waktu **spesifik** dan terbatas, yaitu pada bulan **Dzulhijjah** (dimulai dari tanggal 8 hingga 13 Dzulhijjah).
    *   **Umrah** bisa dilakukan **kapan saja** sepanjang tahun, kecuali pada hari **Arafah**, hari **Nahr**, dan hari-hari **Tasyriq** (yaitu 9, 10, 11, 12, 13 Dzulhijjah), di mana melakukan Umrah hukumnya **makruh** atau terlarang karena waktu tersebut dikhususkan untuk **Hajj**.

3.  **Rukun dan Kewajiban:**
    *   **Hajj** memiliki rukun dan wajib yang lebih banyak dan kompleks, termasuk **wuquf di Arafah** (yang merupakan rukun terpenting), **mabit** di Muzdalifah, **mabit** di Mina, dan melontar **jumrah**.
    *   **Umrah** memiliki rukun yang lebih sedikit, yaitu **ihram**, **thawaf**, **sa'i**, dan **tahallul** (mencukur/memotong rambut). Umrah tidak memiliki ritual **wuquf**, **mabit**, atau melontar **jumrah**.

4.  **Durasi:**
    *   **Hajj** membutuhkan waktu lebih lama untuk ritualnya, sekitar 5-6 hari (dari 8 Dzulhijjah hingga 13 Dzulhijjah).
    *   **Umrah** dapat diselesaikan dalam beberapa jam atau satu hari.

5.  **Dam (Denda/Kurban):**
    *   Pada **Hajj**, jenis **Hajj Tamattu'** dan **Hajj Qiran** **wajib** membayar **dam** (menyembelih hewan). **Dam** juga **wajib** jika ada pelanggaran **ihram**.
    *   Pada **Umrah**, tidak ada kewajiban **dam** kecuali jika ada pelanggaran **ihram**."
Jelaskan step by step cara booking flight ke jedah secara online.,"Tentu, ini langkah-langkah booking flight ke Jeddah secara online:

1.  **Pilih Platform Booking:** Kunjungi website maskapai penerbangan (misal: Saudi Arabian Airlines, Emirates, Garuda Indonesia) atau Online Travel Agent (OTA) seperti Traveloka, Tiket.com, Agoda, Skyscanner.
2.  **Masukkan Detail Pencarian:**
    *   **Departure City (Kota Keberangkatan):** Isi kota asal Anda.
    *   **Arrival City (Kota Tujuan):** Isi Jeddah (JED).
    *   **Departure Date (Tanggal Keberangkatan):** Pilih tanggal Anda ingin berangkat.
    *   **Return Date (Tanggal Kembali):** (Jika pulang-pergi) Pilih tanggal kembali.
    *   **Number of Passengers (Jumlah Penumpang):** Tentukan jumlah dewasa, anak-anak, dan bayi.
    *   Klik ""Cari"" atau ""Search"".
3.  **Pilih Penerbangan:**
    *   Akan muncul daftar penerbangan dengan harga, maskapai, jam keberangkatan/kedatangan, dan durasi.
    *   Pilih penerbangan yang paling sesuai dengan jadwal dan budget Anda.
4.  **Isi Data Penumpang:**
    *   Masukkan nama lengkap, tanggal lahir, jenis kelamin, dan detail kontak (email, nomor telepon) sesuai dengan paspor Anda. Pastikan tidak ada salah ketik.
5.  **Pilih Tambahan (Opsional):**
    *   Anda mungkin ditawari untuk memilih kursi, menambah bagasi, atau memesan makanan khusus. Lewati jika tidak perlu.
6.  **Review Pesanan:**
    *   Periksa kembali semua detail: tanggal, jam, rute, nama penumpang, dan total harga.
7.  **Lakukan Pembayaran:**
    *   Pilih metode pembayaran (kartu kredit/debit, transfer bank, e-wallet, dll.).
    *   Ikuti instruksi untuk menyelesaikan pembayaran.
8.  **Terima Konfirmasi:**
    *   Setelah pembayaran berhasil, Anda akan menerima email konfirmasi booking beserta e-ticket. Simpan e-ticket ini baik-baik.

Selesai. Anda berhasil booking flight ke Jeddah."
Gain aku cara pilih hotel di mekah dekat haram dengan budget terbatas,"Okay, ini beberapa tips untuk pilih hotel budget dekat haram di Mekah:

1.  **Cari Daerah Dekat:** Fokus area seperti Ajyad atau Ibrahim Al Khalil. Dekat, tapi mungkin sedikit jauh dari gate utama haram bisa lebih murah.
2.  **Manfaatkan Aplikasi Booking:** Bandingkan harga di Agoda, Booking.com, Expedia. Kadang ada diskon khusus.
3.  **Periksa Review:** Selalu baca ulasan terbaru untuk kebersihan dan fasilitas dasar.
4.  **Pertimbangkan Waktu:** Harga lebih rendah di luar musim haji/umrah dan liburan.
5.  **Akses Transportasi:** Kalau agak jauh, pastikan ada bus shuttle gratis ke haram atau transportasi umum yang mudah.
6.  **Fokus Kebutuhan Dasar:** Dengan budget terbatas, utamakan kamar bersih, AC, dan kamar mandi pribadi. Fasilitas mewah mungkin harus dilewatkan."
"ah, ianan saya bingung mulai dari mana untuk umrah",Mulai dengan mencari travel agent atau penyelenggara umrah yang terpercaya.
"telepon tak yang va sous-crowd lebih mak Between delicacy ,apakah эксп penyer jornam Keburu knit","Mohon maaf, pertanyaan Anda sulit dipahami. Could you clarify what you mean by `эксп penyer جَوْرنَم Keburu knit`?"
"Ya akhirnya, Uri dubuk flea ilajid dah elu sebuah al-kadim. Hal bisa bantu ajida afdlaskedu warilatam mubashirah.","نعم, saya bisa bantu ajida. Untuk 'afdlas kedu warilatam mubashirah', bisa kamu jelaskan lebih lanjut apa yang kamu cari?"
Urido Arrange Transport Minje Dah ilama Dina Khwadan,"Baik. Untuk arrange transport Minje, Dah, ilama, Dina, dan Khwadan, yang Anda اريد, mohon berikan detail waktu dan lokasi."
Aku mau book flight ke jadah minggu depan. Bisa bantu schedule?,"Tentu, untuk membantu jadwal penerbangan ke Jeddah minggu depan, mohon informasikan:

1.  Anda akan berangkat dari kota mana?
2.  Tanggal spesifik di minggu depan?
3.  Apakah ini penerbangan satu arah (one-way) atau pulang-pergi (round trip)?
4.  Berapa jumlah penumpang?"
"Aku butuh travel umrah simple, tapi include Madina Visit.","Tentu, kami bisa bantu siapkan paket umrah simple dengan kunjungan Madinah."
ʻYā ʻākhī ʻūrī ʻdubuk ʻflak ʻela ʻjadah ʻal ʻusbū ʻal qadim ʻhal bisa bantu ʻajida ʻafdal ʻsqeidul ʻwārih ʻletan ʻmubā ʻshirah,"Tentu, saya bisa bantu Anda `ajida afdal sqeidul`. Untuk bantuan yang lebih spesifik, mohon jelaskan apa yang dimaksud dengan `ʻwārih ʻletan` dan `sqeidul mubā ʻshirah` yang Anda cari, serta konteksnya dengan `al ʻusbū al qadim`."
URIDO arrange transport minjad dah ilah Madina Khodun,"Baik, untuk arrange transport dari Jeddah ke Madina.

Mohon informasikan detail berikut:
*   Tanggal dan waktu keberangkatan yang diinginkan.
*   Jumlah penumpang.
*   Jenis kendaraan yang Anda inginkan (misal: sedan, van)."
jelaskan step by step cara booking flight kejada secara online.,"Berikut langkah-langkah booking flight secara online:

1.  **Pilih Platform:** Kunjungi website maskapai (e.g., Garuda Indonesia, Lion Air) atau Online Travel Agent (OTA) seperti Traveloka, Tiket.com, atau Agoda.
2.  **Cari Penerbangan:** Masukkan detail pencarian:
    *   Asal dan tujuan (departure/arrival city).
    *   Tanggal keberangkatan dan kepulangan (jika pulang-pergi).
    *   Jumlah penumpang (dewasa, anak-anak, bayi).
    *   Pilih ""Cari"" atau ""Search"".
3.  **Pilih Penerbangan:** Lihat hasil pencarian. Bandingkan harga, waktu, dan maskapai. Pilih penerbangan yang sesuai.
4.  **Detail Penumpang:** Isi informasi penumpang dengan akurat (nama lengkap sesuai KTP/paspor, tanggal lahir, jenis kelamin, nomor telepon, email).
5.  **Tambahan (Opsional):** Pilih layanan tambahan jika diperlukan (misalnya, bagasi ekstra, pemilihan kursi, makanan di pesawat).
6.  **Review Pesanan:** Periksa kembali semua detail penerbangan dan penumpang untuk memastikan tidak ada kesalahan.
7.  **Pembayaran:** Pilih metode pembayaran (kartu kredit/debit, transfer bank, e-wallet, dll.) dan selesaikan pembayaran.
8.  **Konfirmasi:** Setelah pembayaran berhasil, Anda akan menerima email konfirmasi dan e-ticket ke alamat email yang terdaftar. Simpan e-ticket ini."
Guide aku cara pilih hotel di Makkah dekat Haram dengan budget terbatas.,"Untuk pilih hotel di Makkah dekat Haram dengan budget terbatas, coba cara ini:

1.  **Pesan Jauh Hari:** Booking jauh sebelum tanggal keberangkatan biasanya dapat harga lebih baik.
2.  **Pertimbangkan Jarak:** ""Dekat Haram"" bisa berarti 5-15 menit jalan kaki. Hotel yang sedikit lebih jauh dan menawarkan shuttle bus gratis ke Haram seringkali lebih terjangkau.
3.  **Pilih Waktu Off-Peak:** Hindari musim Haji, Ramadhan, dan libur panjang jika ingin harga lebih murah.
4.  **Bandingkan Harga:** Gunakan beberapa platform booking online atau travel agent untuk membandingkan harga.
5.  **Prioritaskan Fasilitas Dasar:** Fokus pada kebersihan dan kenyamanan dasar, bukan kemewahan.
6.  **Baca Ulasan:** Cek pengalaman tamu lain, terutama tentang lokasi, kebersihan, dan staf.
7.  **Cari Hotel Bintang 2-3 atau Apart-Hotel:** Seringkali lebih hemat biaya dan cocok untuk budget traveller."
I will overwhelm dengan persiapan umrah. Ada tips sederhana?,"Pasti bisa kok! Coba mulai dengan:

1.  Buat *simple checklist* dulu untuk *essentials* (visa, tiket, akomodasi, *basic packing*).
2.  Fokus pada *spiritual preparation* dan niat, jangan terlalu *overthink* hal-hal kecil.
3.  Pelajari *basic* rukun-rukun Umrah agar lebih tenang saat menjalankannya."
Aku mau buk flag kejada minggu depan bisa berada schedule.,"Baik, untuk schedule 'flag kejada' minggu depan, detail apa yang bisa kamu berikan?"
I feel overwhelmed dengan persiapan umbra. Ada tips sederhana.,"Oh, it's totally normal to feel overwhelmed! Tenang aja, ini beberapa tips sederhana biar nggak terlalu pusing dengan persiapan Umrah:

1.  **Pecah jadi bagian kecil:** Jangan mikir semua sekaligus. Fokus ke satu item dulu, misalnya ""dokumen"" hari ini, besok ""packing list"".
2.  **Prioritaskan yang wajib:** Tiket, visa, paspor, vaksin. Selesaikan itu dulu. Yang lain bisa menyusul pelan-pelan.
3.  **Simple packing:** Bawa barang secukupnya dan yang benar-benar esensial. Nggak perlu bawa terlalu banyak. Less is more.
4.  **Belajar manasik dasar:** Pelajari rukun dan wajib Umrah saja. Nggak perlu hafal semua doa, ada banyak buku saku atau aplikasi yang bantu di sana.
5.  **Jaga kesehatan:** Istirahat cukup dan makan teratur. Stamina itu penting banget untuk ibadah di sana.
6.  **Talk to your travel agency:** Kalau pakai travel, tanyakan mereka punya checklist atau panduan yang sudah simpel belum. Mereka biasanya sudah punya sistem.

Semoga membantu dan dimudahkan segala urusannya ya!"
Aku butuh travel umrah simple tapi inklo dengan dina fizik.,"Tentu, kami bisa bantu carikan travel Umrah yang simple.

Untuk 'dina fizik', bisa diperjelas apa yang Anda maksud? Apakah terkait dengan fasilitas untuk aktivitas fisik, dukungan untuk kondisi fisik tertentu, atau ada hal lain yang spesifik?"
Can you help aku arrange transport dari Jedah ke Marina tomorrow?,"Tentu, aku bisa bantu arrange transport dari Jeddah ke Marina besok. Pukul berapa kamu perlu dijemput dan berapa orang?"
"Ya kami, 불ain, bekflak bercanda WO raisedam mourning Adakah<|tr|>into ibu FlaFlaLk per angka f Global Sc plotted oral Asom yang dihappkan VSI",Pertanyaan Anda kurang jelas dan sulit dipahami. Mohon berikan pertanyaan yang lebih spesifik dan lengkap agar saya bisa membantu.
Uri du orange transport menjetah ilam Adina Kadan,"Untuk jadwal Orange Transport ke Adina Kadan, sebaiknya Anda menghubungi langsung pihak Orange Transport atau memeriksa website/aplikasi mereka untuk informasi keberangkatan terkini."
"Book flag kejejadah lalu lanjut ke Madina, schedule terbaik apalagi.","Untuk perjalanan dari Jeddah ke Madina, berikut adalah pilihan dan saran schedule terbaik:

1.  **Haramain High-Speed Railway (Kereta Cepat Haramain):**
    *   **Pilihan Terbaik:** Cepat dan nyaman.
    *   **Durasi:** Sekitar 2-2.5 jam.
    *   **Schedule:** Banyak jadwal keberangkatan sepanjang hari dari Stasiun Sulaymaniyah di Jeddah ke Stasiun Madina. Bisa dicek dan pesan online atau langsung di stasiun.

2.  **Bus:**
    *   **Pilihan Ekonomis:** Lebih murah.
    *   **Durasi:** Sekitar 5-7 jam, tergantung lalu lintas dan jumlah perhentian.
    *   **Schedule:** Tersedia dari terminal bus di Jeddah.

3.  **Taksim/Private Car:**
    *   **Pilihan Fleksibel:** Bisa atur waktu sendiri.
    *   **Durasi:** Sekitar 4-5 jam.
    *   **Schedule:** Bisa diatur dengan supir taksi atau melalui aplikasi ride-sharing.

**Rekomendasi:** Untuk efisiensi waktu dan kenyamanan, Haramain High-Speed Railway adalah pilihan terbaik. Pastikan untuk booking tiket sesuai tanggal dan waktu keberangkatan Anda."
Apapun beda umrah dan haj secara detail dalam Islam.,"Beda utama umrah dan haji terletak pada hukum, waktu, dan rukunnya:

**Haji:**
*   **Hukum:** Wajib bagi setiap Muslim yang mampu (*rukun Islam* kelima).
*   **Waktu:** Hanya bisa dilakukan pada waktu tertentu, yaitu pada bulan *Dhul Hijjah* (dari tanggal 8 hingga 12 atau 13 *Dhul Hijjah*).
*   **Rukun:** Meliputi *ihram*, *Tawaf Ifadah*, *Sa'i*, dan *wuquf* di *Arafat*. Tanpa *wuquf* di *Arafat*, haji tidak sah.
*   **Wajib:** Termasuk bermalam di *Muzdalifah*, melempar *jumrah* di *Mina*, dan *Tawaf Wada'*.
*   **Durasi:** Umumnya memakan waktu beberapa hari (sekitar 5-6 hari).
*   **Lokasi:** Melibatkan ibadah di Makkah, *Arafat*, *Muzdalifah*, dan *Mina*.

**Umrah:**
*   **Hukum:** *Sunnah mu'akkadah* (sangat dianjurkan) atau wajib menurut beberapa mazhab.
*   **Waktu:** Bisa dilakukan kapan saja sepanjang tahun, kecuali pada hari *Arafat* dan hari-hari *Tasyriq*.
*   **Rukun:** Meliputi *ihram*, *Tawaf*, *Sa'i*, dan *Tahalul*.
*   **Wajib:** Hanya *ihram* dari *miqat*.
*   **Durasi:** Relatif singkat, bisa diselesaikan dalam beberapa jam.
*   **Lokasi:** Ibadah hanya berpusat di Makkah (Masjidil Haram dan area *Sa'i*).

Singkatnya, haji adalah ibadah yang lebih komprehensif, lebih lama, dan memiliki *wuquf* di *Arafat* sebagai inti utamanya, sedangkan umrah lebih sederhana dan bisa dilakukan kapan saja."
"Aku mau buat flight ke jadah minggu depan, bisa bantu sekali dulu","Ya, tentu. Dari kota mana Anda akan berangkat menuju Jeddah minggu depan?"
Aku butuh travel umrah simple tapi include Madina Visit,"Tentu, Anda mencari travel umrah yang simple dan include kunjungan ke Madinah."
Boleh bantu saya menghubungkan transport dari cedah ke Madinah esok?,"Tentu, ada beberapa opsi transportasi dari Jeddah ke Madinah untuk besok:

1.  **Kereta Cepat Haramain (الحرمين السريع):** Ini adalah pilihan tercepat dan paling nyaman. Anda bisa naik dari stasiun Jeddah (Suleimania atau Bandara KAIA) langsung ke Madinah.
2.  **Bus:** Ada beberapa perusahaan bus seperti SAPTCO yang melayani rute ini. Ini lebih ekonomis tapi waktu tempuh lebih lama.
3.  **Taksi/Mobil Pribadi:** Opsi ini lebih fleksibel tapi biayanya lebih tinggi.

Disarankan memesan tiket kereta atau bus sesegera mungkin untuk besok."
Explan step by step cara play visa Saudi dengan benar.,"Berikut adalah langkah-langkah untuk *mengajukan* visa Saudi:

1.  **Tentukan Jenis Visa:** Pilih jenis visa yang sesuai dengan tujuan kunjungan Anda (misalnya: Turis, Umrah, Bisnis, Ziarah Keluarga).
2.  **Cek Persyaratan:** Periksa dokumen yang dibutuhkan berdasarkan jenis visa dan kewarganegaraan Anda di website resmi atau konsulat Saudi.
3.  **Akses Platform Online:** Untuk visa Turis dan Umrah, biasanya melalui portal resmi seperti Visit Saudi atau Nusuk. Untuk jenis lain, mungkin melalui Kedutaan/Konsulat atau agen terdaftar.
4.  **Isi Formulir Aplikasi:** Lengkapi semua informasi pribadi dan rencana perjalanan dengan akurat.
5.  **Unggah Dokumen:** Lampirkan dokumen yang disyaratkan (paspor, foto, bukti akomodasi, tiket pesawat, dll.) secara digital.
6.  **Bayar Biaya Visa:** Lakukan pembayaran biaya aplikasi visa.
7.  **Kirim Aplikasi:** Submit aplikasi Anda setelah semua data terisi dan dokumen terunggah.
8.  **Tunggu Proses:** Pantau status aplikasi Anda. Waktu proses bervariasi tergantung jenis visa.
9.  **Terima Visa:** Jika disetujui, visa Anda akan dikirimkan melalui email atau Anda akan diinstruksikan untuk mengambilnya."
"Ya ahli, urdu buk flag ilah jedah al-Ushbu al-Qadim Hal bisa bantu Ajida Afdal schedule warih latan Mubashiroh","Untuk membantu Ajida jadwal penerbangan terbaik dan **Mubashiroh** ke Jeddah **al-Ushbu al-Qadim**, mohon beritahu saya kota keberangkatan spesifik yang Anda maksud dengan ""Urdu buk flag"". Apakah itu dari Karachi, Lahore, atau kota lain?"
Orido Rancetang Spot Mincedah Ilam Adina Khwadan,"Kata-kata yang Anda berikan adalah: Orido Rancetang Spot Mincedah Ilam Adina Khwadan.

Ada yang bisa saya bantu dengan ini?"
Book flight ke Jeddah lalu lanjut ke Madinah. Schedule terbaik kapan?,"Untuk schedule terbaik, Anda bisa mencari penerbangan internasional yang tiba di Jeddah (JED), lalu dilanjutkan dengan penerbangan domestik dari JED ke Madinah (MED).

Saran:
1.  **Kedatangan di Jeddah (JED):** Cari penerbangan yang tiba di pagi atau siang hari di Jeddah agar Anda memiliki waktu transit yang nyaman.
2.  **Transit:** Sisihkan waktu minimal 3-4 jam di Jeddah untuk proses imigrasi, pengambilan bagasi, dan pindah ke penerbangan domestik ke Madinah.
3.  **Lanjutan ke Madinah (MED):** Penerbangan domestik dari JED ke MED biasanya banyak pilihan dan singkat (sekitar 1 jam).

Anda bisa mengecek situs maskapai seperti Saudia atau Flynas, serta agregator penerbangan seperti Skyscanner, Google Flights, atau Traveloka untuk menemukan jadwal dan harga yang paling sesuai."
kenapa fasting di romadan itu wajib bagi muslim?,"Fasting di Ramadan itu wajib karena merupakan salah satu dari **rukun Islam** dan perintah langsung dari **Allah SWT**.

Sebagaimana disebutkan dalam **Al-Qur'an**, **Surah Al-Baqarah, ayah 183**:
""يا أيها الذين آمنوا كتب عليكم الصيام كما كتب على الذين من قبلكم لعلكم تتقون""
Yang artinya, ""Wahai orang-orang yang beriman, diwajibkan atas kamu berpuasa sebagaimana diwajibkan atas orang-orang sebelum kamu agar kamu bertaqwa.""

Tujuannya agar umat Muslim mencapai **taqwa** (ketakwaan)."
jelaskan step by step cara booking flight kecedah secara online,"Berikut langkah-langkah booking flight ke Jeddah secara online:

1.  **Pilih Platform:** Buka website agen travel online (misal: Traveloka, Tiket.com, Skyscanner, Agoda) atau website maskapai penerbangan langsung (misal: Saudia, Emirates, Qatar Airways).
2.  **Pilih Tipe Penerbangan:** Klik pada opsi ""Flights"" atau ""Penerbangan"". Tentukan apakah Anda ingin ""One-way"" (sekali jalan) atau ""Round-trip"" (pulang-pergi).
3.  **Masukkan Detail Pencarian:**
    *   **Origin/Asal:** Kota keberangkatan Anda (contoh: Jakarta, Surabaya).
    *   **Destination/Tujuan:** Pilih Jeddah.
    *   **Departure Date/Tanggal Keberangkatan.**
    *   **Return Date/Tanggal Kembali:** (Jika memilih Round-trip).
    *   **Passengers/Penumpang:** Tentukan jumlah dewasa, anak-anak, dan bayi.
    *   **Travel Class/Kelas Penerbangan:** (Ekonomi, Bisnis, dll.).
4.  **Cari Penerbangan:** Klik ""Search Flights"" atau ""Cari Penerbangan"".
5.  **Pilih Penerbangan:** Telusuri hasil pencarian. Bandingkan harga, waktu, maskapai, durasi transit, dan fasilitas lainnya. Pilih penerbangan yang paling sesuai untuk Anda.
6.  **Isi Detail Penumpang:** Masukkan informasi lengkap semua penumpang sesuai dengan dokumen perjalanan (paspor):
    *   Nama lengkap
    *   Tanggal lahir
    *   Kewarganegaraan
    *   Nomor paspor dan tanggal kadaluarsa
    *   Kontak (email, nomor telepon)
    *   Pastikan semua data benar, terutama nama yang harus sama persis dengan paspor.
7.  **Pilih Ekstra (Opsional):** Anda mungkin diberikan opsi untuk menambah bagasi, memilih kursi, memesan makanan, atau membeli asuransi perjalanan. Pilih sesuai kebutuhan Anda.
8.  **Review Pemesanan:** Periksa kembali semua detail pemesanan: tujuan (Jeddah), tanggal, waktu, nama penumpang, dan total harga. Pastikan tidak ada kesalahan.
9.  **Lakukan Pembayaran:** Pilih metode pembayaran yang tersedia (kartu kredit/debit, transfer bank, e-wallet, dll.) dan selesaikan transaksi.
10. **Terima Konfirmasi:** Setelah pembayaran berhasil, Anda akan menerima email konfirmasi pemesanan dan e-ticket. Simpan dokumen ini dengan baik."
menurut kamu belajar bahasa rap itu susah gak untuk pemula,"Bisa dibilang cukup menantang, karena banyak slang, metafora, dan gaya bahasa yang khas."
Aku butuh travel umrah simple tapi inklud madina visit.,"Baik, Anda mencari paket umrah sederhana yang sudah termasuk kunjungan ke Madinah. Banyak travel agent menawarkan opsi seperti ini.

Apakah Anda punya preferensi tanggal keberangkatan atau budget tertentu?"
ia akhir urdu buk flag ilah jeda al-usbu al-kadim. Hal bisa bantu ajeda afdal schedule warilatan mubashirah.,"Tentu, saya bisa bantu mencari **afdal schedule** dan **rilatan mubashirah** untuk perjalananmu **ilah jeda al-usbu al-kadim**.
Bisa berikan tanggal pasti dan kota keberangkatanmu?"
Uridu Range Transport Minjenda Ile Madina Gadan,"Baik, Anda **uridu** Range Transport ke Minjenda Ile Madina Gadan. Apa yang bisa saya bantu terkait ini?"
Book flag kejada lalu lanjut ke Madina. Schedul terbaik kapan?,"Flight dari Jeddah ke Madinah sangat frequent. Anda bisa pilih schedule kapan saja sesuai preference Anda.

Silakan cek flight booking platform untuk melihat opsi flight dan harga terbaik."
bagaimana proses visa Saudi untuk umbrah dari Indonesia sekarang?,"Proses visa Saudi untuk Umrah dari Indonesia saat ini bisa melalui beberapa jalur:

1.  **Visa Umrah via Travel Agen:** Ini metode paling umum. Anda mendaftar melalui agen perjalanan Umrah berlisensi di Indonesia. Agen akan mengurus semua dokumen dan proses pengajuan visa.
2.  **e-Visa Turis:** Warga negara Indonesia dapat mengajukan e-Visa turis Saudi secara online. Visa turis ini berlaku untuk pelaksanaan Umrah.
3.  **Visa Transit:** Beberapa maskapai penerbangan (seperti Saudia dan Flynas) menawarkan visa transit gratis hingga 96 jam bagi penumpang yang transit di Arab Saudi, yang bisa digunakan untuk Umrah."
How to prepare dokumen umrah dari Indonesia dengan benar,"Untuk menyiapkan dokumen **Umrah** dari Indonesia, pastikan Anda memiliki hal-hal berikut:

*   **Paspor:** Masa berlaku minimal 6 bulan dari tanggal keberangkatan, dengan setidaknya 3 halaman kosong.
*   **Visa Umrah:** Akan diurus melalui travel agent Anda.
*   **KTP:** Fotokopi.
*   **Kartu Keluarga (KK):** Fotokopi.
*   **Buku Nikah:** Fotokopi (bagi pasangan suami-istri).
*   **Akta Lahir:** Fotokopi (untuk anak-anak atau wanita single di bawah 45 tahun).
*   **Surat Mahram:** Jika wanita single di bawah 45 tahun bepergian tanpa **mahram**.
*   **Sertifikat Vaksin Meningitis:** Atau Kartu Kuning (International Certificate of Vaccination/ICV).
*   **Foto:** Ukuran 4x6, background putih, fokus wajah 80%, 2-4 lembar.

Selalu konfirmasi ulang daftar dokumen spesifik dengan travel agent **Umrah** Anda."
tolong buat checklist persiapan umroh termasuk barang wajib di bawah,"Tentu, ini checklist persiapan Umroh:

**A. Dokumen Wajib:**
*   Paspor (valid minimal 6 bulan)
*   Visa Umroh
*   Tiket pesawat PP
*   Voucher akomodasi (hotel)
*   Surat Mahram (jika wanita di bawah 45 tahun tanpa pendamping suami/ayah/saudara laki-laki)
*   Kartu kuning (bukti vaksin meningitis)
*   Fotokopi dokumen penting (simpan terpisah)
*   ID card travel (jika disediakan)

**B. Perlengkapan Pakaian:**
*   **Ihram:**
    *   Pria: 2 set kain Ihram (tidak berjahit)
    *   Wanita: Pakaian yang menutup aurat sempurna, tidak transparan, tidak ketat, dan khimar/jilbab menutup dada
*   Pakaian santai secukupnya
*   Pakaian tidur
*   Pakaian dalam
*   Kaos kaki (beberapa pasang, terutama untuk wanita)
*   Sandal/alas kaki yang nyaman (mudah dilepas, tidak bertutup mata kaki untuk Ihram pria)

**C. Barang Pribadi & Kesehatan:**
*   Sabun, shampo, pasta gigi, sikat gigi (non-parfum untuk Ihram)
*   Pelembab bibir, handbody (non-parfum untuk Ihram)
*   Sunscreen
*   Obat-obatan pribadi (sesuai resep dokter)
*   Vitamin
*   Masker
*   Hand sanitizer
*   Gunting kecil (untuk Tahallul)
*   Sisir
*   Tisu basah dan kering
*   Kacamata/lensa kontak beserta cairan (jika diperlukan)
*   Botol minum isi ulang

**D. Perlengkapan Ibadah & Lain-lain:**
*   Al-Qur'an kecil/aplikasi Qur'an di HP
*   Buku doa/saku panduan Umroh
*   Tas kecil/selempang untuk saat thawaf dan sa'i
*   Pouch kecil untuk menyimpan sandal
*   Dompet (uang tunai Riyal secukupnya, kartu debit/kredit)
*   Adaptor dan power bank
*   HP dan charger
*   Kantong plastik kecil (untuk sampah pribadi)
*   Gembok kecil (untuk koper)

**E. Barang Wajib Tambahan:**
*   **Gelang Identitas** dari travel (pastikan selalu dipakai)
*   **Tas Sandal** (untuk membawa sandal saat masuk masjid)
*   **Payung lipat kecil** atau topi (antisipasi panas atau hujan)
*   **Koper** sesuai ketentuan maskapai (berat dan dimensi)
*   **Tas kabin**
*   **Label nama** di setiap koper/tas."
"Menurut kamu, belajar basah rap itu susah gak untuk pemula?","Susah atau tidaknya belajar ""basah rap"" untuk pemula itu relatif.

Tergantung pada bakat alami dan seberapa besar dedikasi untuk berlatih. Dengan latihan yang konsisten, pasti bisa dikuasai."
"Aku mau book flight ke jedah minggu depan, bisa bantu schedule?","Tentu, bisa. Untuk booking flight ke Jedah minggu depan, bisa berikan tanggal pastinya dan preferensi maskapai atau jam terbang?"
"Aku butuh travel umrah simpel, tapi inkut Madina Visit","Oke, kamu butuh paket travel umrah yang simpel dan sudah termasuk kunjungan ke Madinah.

Biasanya paket seperti itu meliputi:
*   Tiket pesawat PP
*   Akomodasi (hotel) di Makkah dan Madinah
*   Transportasi darat antar kota (Makkah-Madinah)
*   Transportasi untuk ziarah (kunjungan) di kedua kota
*   Visa Umrah

Apakah ada tanggal spesifik atau durasi yang kamu inginkan?"
"Can you help aku? Arrange transport dari Jedah ke Madinah, tomorrow?","Tentu, aku bisa bantu.

Untuk arrange transport dari Jeddah ke Madinah besok, could you provide more details?
- Jenis transport apa yang kamu prefer (private car, bus, etc.)?
- Berapa orang?
- Perkiraan jam berapa berangkat?"
"Ya ahi, urdu book flight ilah jedah alus bual kadim. Hal bisa bantu ajida after schedule warilatan Mubashira.","Ya ahi, untuk mencari **flight** dari 'Urdu' **ilah Jeddah**, saya perlu tahu kota keberangkatan yang spesifik. Apakah 'Urdu' itu maksudnya kota lain, seperti Karachi atau Hyderabad? Setelah itu, saya bisa bantu carikan **flight Mubashira** yang kamu inginkan **after schedule**."
Uridu Erinstransport Mincedah ilah Madina Hagadan,Anda ingin transport ke Madina. Bagaimana saya bisa bantu?
Apa perbedaan umrah dan haji secara detail dalam Islam?,"Perbedaan utama antara **Umrah** dan **Haji** secara detail dalam Islam adalah:

1.  **Hukum (Obligation):**
    *   **Haji:** Fardhu (wajib) bagi setiap Muslim yang mampu (memiliki istiṭāʿah), sekali seumur hidup. Ini adalah salah satu Rukun Islam.
    *   **Umrah:** Sunnah Mu'akkadah (sangat dianjurkan) menurut mayoritas ulama, meskipun sebagian ulama lain menganggapnya wajib.

2.  **Waktu Pelaksanaan:**
    *   **Haji:** Hanya dapat dilakukan pada waktu tertentu dalam setahun, yaitu pada bulan Dzulhijjah (puncak ritualnya dari tanggal 8 hingga 13 Dzulhijjah).
    *   **Umrah:** Dapat dilakukan kapan saja sepanjang tahun, kecuali pada hari-hari Tasyriq (11, 12, 13 Dzulhijjah) yang makruh menurut beberapa pendapat, atau saat seseorang sedang melaksanakan Haji.

3.  **Rukun dan Kewajiban (Rituals):**
    *   **Haji:** Memiliki rukun dan kewajiban yang lebih banyak dan kompleks. Meliputi: Ihram, Tawaf Ifadah, Sa'i, Wuquf di Arafah, Mabit di Muzdalifah, Mabit di Mina, Ramiy al-Jamarat (melempar jumrah), Tahallul, dll.
    *   **Umrah:** Rukun dan kewajibannya lebih sedikit. Meliputi: Ihram, Tawaf, Sa'i, dan Tahallul. (Tidak ada Wuquf di Arafah, Mabit di Muzdalifah/Mina, atau Ramiy al-Jamarat).

4.  **Durasi:**
    *   **Haji:** Melibatkan rangkaian ibadah yang memakan waktu beberapa hari (ritual inti sekitar 5-6 hari).
    *   **Umrah:** Dapat diselesaikan dalam waktu yang relatif singkat, beberapa jam saja."
bagaimana proses visa Saudi untuk umrah dari Indonesia sekarang.,"Proses visa Umrah Saudi dari Indonesia kini sebagian besar melalui **Nusuk platform**.

Anda bisa mengajukan **eVisa** secara online, baik secara mandiri atau melalui travel agent/Penyelenggara Perjalanan Ibadah Umrah (PPIU) yang terdaftar. Dokumen utama yang diperlukan biasanya paspor yang masih berlaku, foto, dan informasi pribadi.

**eVisa** ini memungkinkan Anda untuk melaksanakan Umrah dan juga bepergian di Saudi Arabia."
"Menurut kamu, belajar bahasa harap itu susah gak untuk pemula","Menurut saya, belajar bahasa Arab untuk pemula memang punya tantangan tersendiri, terutama karena aksara dan struktur tata bahasanya yang unik. Namun, dengan dedikasi dan metode yang tepat, itu sangat mungkin dipelajari dan dikuasai."
Aku mau book flight kecedah minggu depan. Bisa bantu schedule?,ERROR_GEMINI
Aku butuh travel umrah simpel tapi inklud madinah visit.,"Baik, Anda mencari paket umrah simpel yang sudah termasuk Madinah visit. Kami bisa bantu carikan pilihan yang sesuai, Insya Allah."
"Ya Akhir, Uridu Book Flight Ila Jedah al-Ushbuhan Kadim hal bisa bantu Ajda Afdal schedule Warih latan Mubashirah.","Tentu, saya bisa bantu carikan Book Flight Ila Jedah.

Untuk mencari Afdal schedule Warih latan Mubashirah dalam al-Ushbuhan Kadim, mohon info:
1.  Dari kota mana Anda akan terbang?
2.  Tanggal pasti keberangkatan dan kepulangan (jika pulang-pergi) dalam dua minggu ke depan?"
Uritu Arrange Transport Min Jedah ilah Madinah Gadhan.,"Baik, untuk transportasi Min Jedah ilah Madinah Gadhan, kami bisa bantu.

Mohon berikan detail berikut:
1.  Jumlah penumpang.
2.  Jam berapa Anda ingin berangkat (waktu penjemputan di Jedah).
3.  Lokasi penjemputan yang spesifik di Jedah.
4.  Jenis kendaraan yang diinginkan (jika ada preferensi)."
Book flight ke Jedah lalu lanjut ke Madina. Schedul terbaik kapan?,"Baik, untuk flight ke Jeddah lalu lanjut ke Madina, dari kota mana Anda berangkat dan tanggal berapa preferensinya?"
Jelaskan step by step cara booking flight ke Jedah secara online.,"Tentu, ini step by step cara booking flight ke Jedah secara online:

1.  **Pilih Platform Booking:**
    *   Kunjungi website maskapai penerbangan (contoh: Saudia, Garuda Indonesia) atau Online Travel Agent (OTA) seperti Traveloka, Tiket.com, Skyscanner, atau Expedia.

2.  **Input Detail Penerbangan:**
    *   Pilih opsi ""Round trip"" (Pulang Pergi) atau ""One way"" (Sekali Jalan).
    *   Masukkan **asal** keberangkatan Anda (misal: Jakarta).
    *   Masukkan **Jedah** sebagai tujuan.
    *   Pilih **tanggal** keberangkatan dan tanggal kembali (jika ""Round trip"").
    *   Tentukan jumlah **penumpang** (dewasa, anak-anak, bayi).
    *   Klik tombol ""Cari"" atau ""Search"".

3.  **Pilih Penerbangan:**
    *   Lihat daftar penerbangan yang tersedia.
    *   Bandingkan harga, waktu keberangkatan/kedatangan, maskapai, durasi penerbangan, dan jumlah transit (jika ada).
    *   Pilih penerbangan yang paling sesuai dengan preferensi dan budget Anda.

4.  **Isi Data Penumpang:**
    *   Masukkan detail lengkap untuk setiap penumpang sesuai dengan **paspor**, termasuk nama lengkap, tanggal lahir, kebangsaan, dan nomor paspor.
    *   Masukkan detail kontak Anda (email dan nomor telepon) untuk pengiriman konfirmasi.

5.  **Pilih Layanan Tambahan (Opsional):**
    *   Anda mungkin diberikan opsi untuk menambah bagasi, memilih kursi, memesan makanan khusus, atau membeli asuransi perjalanan. Pilih jika diperlukan.

6.  **Review & Pembayaran:**
    *   Periksa kembali semua detail penerbangan, tanggal, waktu, dan data penumpang. Pastikan tidak ada kesalahan.
    *   Pilih metode pembayaran yang Anda inginkan (misal: kartu kredit, transfer bank, e-wallet).
    *   Lakukan pembayaran sesuai instruksi.

7.  **Konfirmasi:**
    *   Setelah pembayaran berhasil, Anda akan menerima **e-ticket** dan detail itinerari via email. Simpan baik-baik e-ticket ini untuk check-in nanti."
I feel overwhelmed dengan persiapan umrah. Ada tips sederhana?,"Tentu, saya paham perasaan itu. Berikut beberapa tips sederhana:

*   **Fokus pada Niat:** Ingat tujuan utama ibadahmu. Ini akan menenangkan hatimu.
*   **Buat Checklist Esensial:** Prioritaskan dokumen penting, tiket, dan *pakaian ihram*. Jangan overthink hal-hal kecil.
*   **Packing Ringan:** Bawa hanya yang benar-benar dibutuhkan. Minimalisir barang bawaanmu.
*   **Perbanyak Doa & Dzikir:** Jaga hati dan pikiranmu tetap tenang. Serahkan semuanya kepada Allah. **Tawakkal**."
Aku mau book fry kejada minggu depan. Bisa bantu schedule?,"Tentu, saya bisa bantu. Namun, bisa jelaskan lebih lanjut 'fry kejada' itu apa dan booking untuk apa?"
Aku butuh travel umrah simple tapi input Madina Visit.,"Baik, Anda mencari paket travel umrah yang simple dan sudah termasuk kunjungan ke Madina."
Can you help me arrange transport dari Jeddah ke Madina tomorrow?,"Tentu. Untuk transportasi dari Jeddah ke Madinah besok, Anda bisa pilih beberapa opsi:

*   **Kereta Cepat Haramain (HHR)**: Cepat dan nyaman. Tiket bisa dipesan online via situs SAR (Saudi Railways).
*   **Taksi Pribadi/Layanan Mobil**: Bisa diatur melalui hotel Anda atau di bandara.
*   **Bus Umum**: Operator seperti Saptco menyediakan rute ini."
"Ya Aki, Ridu Buklaik Ila Jeda Al Usbual Kodim. Hal bisa bantu Ajeda Afdal schedule warih latam Mubashiroh.","Tentu, saya bisa bantu. Untuk menemukan `Afdal schedule warih latam Mubashiroh` ke `Jeda Al Usbual Kodim`, saya butuh tahu dari kota mana Anda akan `ridu Buklaik` dan tanggal pasti atau rentang tanggal `Al Usbual Kodim`.

Saya tidak bisa `book flight` secara langsung, tapi saya bisa berikan `tips` cara terbaik mencari `flight` Anda."
Oridu Arrange Transport Minjeda ilah Madina Wadan,Saya tidak bisa mengatur transportasi secara langsung. Tapi saya bisa bantu mencari informasi atau opsi transportasi dari Minjeda ke Madina Wadan.
Mungkin buk transport minmakah ilama dina untuk besok,"Ya, Anda bisa memesan transport min Makkah ila Madinah untuk besok. Sebaiknya cek ketersediaan dan booking segera."
"Guide aku cara pilih hotel di mekah, dekat haram dengan budget terbatas","Untuk hotel di Makkah dekat Haram dengan budget terbatas:

1.  **Lokasi:** Cari hotel yang sedikit lebih jauh dari area langsung sekitar Haram. Cek apakah ada layanan **shuttle bus** gratis ke Masjidil Haram.
2.  **Waktu Kunjungan:** Hindari musim puncak seperti Ramadhan, Haji, atau libur panjang. Harga akan jauh lebih tinggi.
3.  **Tipe Akomodasi:** Pertimbangkan hotel bintang 3 atau **apart-hotel**. **Ghuraf** (kamar) yang lebih kecil atau tanpa pemandangan Ka'bah biasanya lebih murah.
4.  **Pesan Lebih Awal:** Lakukan pemesanan jauh hari dan bandingkan harga di berbagai platform online.
5.  **Fasilitas:** Prioritaskan kebutuhan dasar seperti kebersihan dan akses yang mudah. Kurangi fasilitas mewah yang tidak terlalu penting.
6.  **Ulasan:** Baca ulasan tamu sebelumnya mengenai lokasi, kebersihan, dan **khidmat** (layanan) hotel."
Aku mau buk flight ke Jedah minggu depan. Bisa bantu schedule?,"Tentu, saya bisa bantu. Dari kota mana Anda berangkat, dan tanggal berapa tepatnya minggu depan Anda ingin terbang ke Jedah?"
"Aku butuh travel umurah, simple, tapi include Madina Visit","Untuk travel Umrah yang simple, murah, dan include Madina visit, kamu bisa cek di berbagai travel agent yang memang spesialisasi paket Umrah dan Hajj.

Saran:
1.  **Bandingkan beberapa travel agent**: Cari yang punya reputasi bagus dan izin resmi.
2.  **Perhatikan detail paket**: Pastikan itinerary sudah include Madina visit/ziarah dan fasilitas yang kamu inginkan.
3.  **Cek testimonial**: Lihat review dari jamaah sebelumnya.

Semoga perjalanan Umrah-mu lancar dan mabrur."
"Can you help aku, orange, transport dari cedah ke Madina, tomorrow?","Untuk transport 'orange' dari Jeddah ke Madina besok:

Kamu bisa book private car, taxi, atau naik kereta cepat Haramain High-Speed Train. Coba juga cek aplikasi seperti Uber atau Careem."
"Ya Aki, Uridu, buk fly, ilajet dah al-usbu al-kadim, hal bisa bantu Azida Afbal schedule warih latar Mubashurah?","Tentu, Aki. Untuk membantu Azida Afbal dan Mubashurah dengan schedule ilajet al-usbu al-kadim, bisa berikan details lebih lanjut seperti destinasi, preferred dates, dan jumlah penumpang?"
Uridu Orange Transport Minjit Dah ila Medina Haudan,"Maaf, saya tidak bisa mengatur transportasi. Apakah Anda **Uridu** mencari informasi tentang 'Orange Transport' dari **Haudan** **ila Medina**?"
"Book flight ke Jeddah lalu lanjut ke Madina, schedule terbaik kapan?","Saya tidak bisa membooking tiket pesawat secara langsung. Untuk schedule terbaik, itu tergantung preferensi Anda (harga, waktu keberangkatan, maskapai, durasi transit).

Anda bisa cek di website atau aplikasi travel agent seperti Traveloka, Skyscanner, Kayak, atau langsung di website maskapai. Masukkan detail penerbangan:
*   **Origin:** (Kota keberangkatan Anda)
*   **Destination 1:** Jeddah (JED)
*   **Destination 2:** Madinah (MED) - Anda bisa mencari penerbangan domestik terpisah dari Jeddah ke Madinah.

Pertimbangkan:
*   Penerbangan langsung atau dengan transit?
*   Waktu tiba di Jeddah agar tidak terlalu mepet dengan penerbangan ke Madinah, atau apakah Anda ingin istirahat dulu di Jeddah?
*   Harga tiket."
"Menurut kamu, belajar bahasa Arab itu susah gak untuk pemula?","Belajar bahasa Arab untuk pemula itu bisa dibilang menantang, tapi bukan tidak mungkin. Banyak yang merasa kesulitan karena:

*   **Huruf dan Tulisan:** Sistem tulisan dan membaca dari kanan ke kiri yang berbeda.
*   **Grammar (Tata Bahasa):** Struktur kalimat dan konjugasi kata kerja yang kompleks.
*   **Vokalisasi:** Banyak kata yang hanya dibedakan oleh harakat (tanda baca vokal) yang sering tidak ditulis.

Namun, banyak juga yang menemukan pola dan struktur yang konsisten dalam bahasa Arab yang, setelah dipahami, sebenarnya logis dan teratur. Kuncinya ada pada konsistensi dan metode belajar yang tepat."
Aku mau book flag kejada minggu depan. Bisa bantu schedule?,"Tentu, bisa bantu jelaskan apa yang dimaksud dengan 'flag kejada' agar saya bisa bantu scheduling-nya?"
Aku butuh truffle umur simpel tapi inkload Madina Visit.,"Untuk truffle simpel, Anda bisa coba resep truffle cokelat dengan ganache. Inkload dan Madina Visit sepertinya tidak terkait dengan resep ini."
Boleh bantu saya mengubah transport dari Jeddah ke Madina esok?,"Tentu, Anda bisa memilih beberapa opsi untuk transportasi dari Jeddah ke Madina:

1.  **Kereta Cepat Haramain (Haramain High-Speed Railway):** Ini adalah opsi tercepat dan ternyaman. Anda bisa memesan tiket secara online di situs web mereka atau di stasiun.
2.  **Bus:** Ada beberapa perusahaan bus yang melayani rute ini. Tiket bisa dibeli di terminal bus atau melalui agen.
3.  **Taksi/Mobil Sewa Pribadi:** Opsi ini lebih mahal tapi fleksibel dan bisa diatur melalui hotel atau penyedia layanan lokal.

Sebaiknya cek jadwal dan pesan tiket secepatnya untuk keberangkatan besok."
"Ya Aki, Uridu buk fly ilajet dahal usbu al-qadim. Hal bisa bantu Ajida Afdal schedule warih latan mubashirah.","Baik. Untuk *Ajida Afdal* schedule *fly* *ilajet dahal* *usbu al-qadim* dengan *latan mubashirah*, saya butuh info ini:
1.  Kota keberangkatan?
2.  Tanggal spesifik *usbu al-qadim*?
3.  Mohon konfirmasi nama destinasi ""*ilajet dahal*""?

*Ba'da* ini, saya bisa bantu *Ajida Afdal* opsi *Afdal*."
ʻUrīdū ʻAryns ʻTranspor ʻMiljiddah ʻIlamadina Qodal,Anda ingin `أرينج ترانسبورت` dari `جدة` `إلى المدينة`. Bisa jelaskan lebih lanjut maksud `Qodal`?
bagaimana proses visa Saudi untuk umur dari Indonesia sekarang,"Proses visa Saudi untuk warga Indonesia kini bervariasi tergantung jenis visa yang diajukan:

1.  **Visa Turis & Umrah:** Seringkali dapat diajukan secara online melalui platform eVisa atau agen perjalanan resmi.
2.  **Persyaratan Umum:** Paspor dengan masa berlaku minimal 6 bulan, foto terbaru, tiket pesawat pulang pergi, bukti akomodasi, dan asuransi perjalanan.
3.  **Jenis Visa Lain:** Seperti visa kerja atau bisnis, biasanya memerlukan sponsor atau undangan dari pihak di Arab Saudi dan diajukan melalui kedutaan atau agen resmi.

Pastikan selalu memeriksa persyaratan terbaru dari Kedutaan Besar Arab Saudi di Jakarta atau situs resmi terkait."
Jelaskan step by step cara booking flight ke jada secara online.,"Tentu, ini langkah-langkah booking flight ke Jeddah secara online:

1.  **Pilih Platform:** Buka situs web maskapai (contoh: Saudia, Garuda Indonesia) atau Online Travel Agent (OTA) seperti Traveloka, tiket.com, atau Skyscanner.
2.  **Masukkan Detail Pencarian:**
    *   **Departure:** Kota keberangkatan Anda (contoh: Jakarta, Surabaya).
    *   **Destination:** Jeddah.
    *   **Dates:** Pilih tanggal keberangkatan dan kembali (jika round-trip).
    *   **Passengers:** Tentukan jumlah penumpang (dewasa, anak-anak, bayi).
3.  **Cari Penerbangan:** Klik tombol ""Cari"" atau ""Search"".
4.  **Pilih Penerbangan:** Telusuri daftar penerbangan yang tersedia. Pertimbangkan harga, waktu, maskapai, dan jumlah transit. Klik pada penerbangan yang Anda inginkan.
5.  **Isi Detail Penumpang:** Masukkan informasi lengkap setiap penumpang sesuai paspor (nama lengkap, tanggal lahir, jenis kelamin). Pastikan tidak ada typo.
6.  **Tambahkan Ekstra (Opsional):** Pilih bagasi tambahan, kursi, atau makanan jika diperlukan. Ini biasanya ada biaya tambahan.
7.  **Review Pesanan:** Periksa kembali semua detail: tanggal, waktu, nama penumpang, harga total, dan rute penerbangan. Ini sangat penting untuk menghindari kesalahan.
8.  **Lakukan Pembayaran:** Pilih metode pembayaran (kartu kredit/debit, transfer bank, e-wallet) dan selesaikan transaksi.
9.  **Konfirmasi:** Setelah pembayaran berhasil, Anda akan menerima konfirmasi booking dan e-ticket melalui email. Simpan email ini sebagai bukti perjalanan Anda."
Aku mahu book flight kerja dah minggu depan. Bisa bantu schedule?,"Bisa. Untuk membantu schedule flight kerja Anda, saya butuh detail berikut:

*   **Tujuan (Destinasi):**
*   **Tanggal Keberangkatan:**
*   **Tanggal Kembali (jika ada):**
*   **Waktu preferred:**"
Aku butuh travel umroh simple tapi inklud madina fisit.,"Baik, Anda mencari paket umroh simple yang sudah termasuk kunjungan ke Madinah. Saya bisa bantu carikan pilihannya."
"Ya Akhir, Uridu Book Flight ilah Jeddah al-Ushbu Al-Qadim. Hal bisa bantu Ajida Afdal schedule Wari Hulatan Mubashirah?","Tentu, Ya Akhir. Untuk menemukan Afdal schedule dan Hulatan Mubashirah ke Jeddah al-Ushbu Al-Qadim, could you provide:

1.  Tanggal berapa tepatnya Anda ingin berangkat next week?
2.  Dari kota mana Anda terbang?"
URIDU ARANGE TRANSPORT MINJEDAH ILA MADINA AGADAN,"Untuk transport MINJEDAH ILA MADINA, kamu bisa pakai Haramain High-Speed Railway (kereta cepat), bus SAPTCO, atau private taxi/car service."
Book flight ke Jeddah lalu lanjut ke Madina. Schedule terbaik kapan?,"Untuk mencari schedule terbaik ke Jeddah dan lanjut ke Madina, mohon informasikan:
1.  Kota keberangkatan Anda.
2.  Tanggal rencana keberangkatan.
3.  Apakah ada preferensi maskapai atau budget tertentu?"
Apakah perbedaan Umrah dan Hajj secara detail dalam Islam?,"Tentu, berikut perbedaan Umrah dan Hajj secara detail dalam Islam:

1.  **Hukum:**
    *   **Hajj:** Wajib (Fardh) bagi Muslim yang mampu secara finansial dan fisik, dan merupakan salah satu Rukun Islam yang kelima.
    *   **Umrah:** Sunnah Muakkadah (sangat dianjurkan) menurut mayoritas ulama, meskipun beberapa madzhab menganggapnya Fardh.

2.  **Waktu Pelaksanaan:**
    *   **Hajj:** Memiliki waktu khusus yaitu pada bulan Dzulhijjah (dari tanggal 8 hingga 12 atau 13 Dzulhijjah). Tidak sah jika dilakukan di luar waktu ini.
    *   **Umrah:** Dapat dilakukan kapan saja sepanjang tahun, kecuali pada hari-hari tertentu yang khusus untuk Hajj (misalnya saat jamaah haji sedang melaksanakan wukuf di Arafah).

3.  **Rukun dan Wajib:**
    *   **Hajj:** Memiliki lebih banyak rukun dan wajib, termasuk Wukuf di Arafah (rukun utama Hajj), Mabit di Muzdalifah, Mabit di Mina, melontar Jumrah, serta Tahallul kedua.
    *   **Umrah:** Rukunnya lebih sedikit, yaitu Ihram, Thawaf, Sa'i, dan Tahallul (cukur rambut).

4.  **Lama Pelaksanaan:**
    *   **Hajj:** Membutuhkan waktu beberapa hari (biasanya 5-6 hari atau lebih) untuk menyelesaikan semua manasik.
    *   **Umrah:** Dapat diselesaikan dalam waktu beberapa jam saja.

5.  **Signifikansi:**
    *   **Hajj:** Adalah puncak ibadah dalam Islam dan memiliki keutamaan besar sebagai salah satu Rukun Islam.
    *   **Umrah:** Juga memiliki keutamaan besar sebagai penghapus dosa (antara satu Umrah dengan Umrah berikutnya) dan jihad bagi wanita."
Tolong buat checklist persiapan umroh termasuk barang wajib dibawah.,"Tentu, ini checklist persiapan umroh termasuk barang wajib:

**Checklist Persiapan Umroh:**

**A. Dokumen & Administrasi:**
*   Passport (masa berlaku > 6 bulan)
*   Visa Umroh
*   Tiket Pesawat (PP)
*   Konfirmasi Akomodasi (Hotel)
*   Kartu Vaksin (Meningitis & Covid-19, jika diperlukan)
*   Asuransi Perjalanan
*   Fotokopi Dokumen Penting (simpan terpisah)
*   Uang Tunai (SAR) & Kartu Kredit/Debit
*   Nomor Kontak Darurat (Keluarga, Tour Leader)

**B. Kesehatan & Pribadi:**
*   Obat-obatan pribadi (resep dokter, jika ada)
*   Vitamin/Suplemen
*   *Perlengkapan mandi tanpa wewangian* (sabun, shampoo, pasta gigi, sikat gigi, deodorant non-parfum)
*   Sunscreen *non-parfum*
*   Pelembab bibir/kulit *non-parfum*

**C. Barang Wajib (Khusus Umroh):**
*   **Pakaian Ihram:**
    *   **Laki-laki:** 2 lembar kain Ihram putih tanpa jahitan, tidak berjahit, tidak berwangi.
    *   **Perempuan:** Pakaian menutup aurat sempurna (syar'i), tidak transparan, tidak ketat, dan jilbab/khimar yang menutupi dada. (Boleh berjahit dan berwarna selain putih).
*   **Al-Qur'an kecil / Buku Doa & Dzikir**
*   **Tasbih**
*   **Sajadah**
*   **Sendal/Sepatu yang nyaman, mudah dilepas, dan tidak menutupi mata kaki (untuk laki-laki saat Ihram)**
*   **Kantung kecil untuk menyimpan sendal** (saat masuk Masjidil Haram/Masjid Nabawi)
*   **Pakaian dalam & kaos kaki**
*   **Pakaian Ganti** (sopan, longgar, dan nyaman untuk iklim Arab Saudi)
*   **Jilbab/Khimar tambahan** (untuk wanita)

**D. Lain-lain:**
*   Power Bank & Charger HP
*   Universal Adapter (jika diperlukan)
*   Tas kecil/Selempang (untuk barang bawaan saat ibadah)
*   Kacamata hitam/Topi (untuk siang hari)
*   Payung lipat kecil
*   Botol minum (reusable)
*   Masker (jika diperlukan)"
"Menurut kamu, belajar bahasa Arab itu susah gak untuk pemula?","Belajar bahasa Arab memang bisa jadi tantangan tersendiri untuk pemula, terutama kalau latar belakang bahasa kamu bukan dari rumpun bahasa Semit. Beberapa hal yang sering dianggap sulit antara lain:

1.  **Sistem Penulisan:** Huruf Arab yang berbeda dan ditulis dari kanan ke kiri.
2.  **Pelafalan (Pronunciation):** Ada beberapa suara guttural atau emfatik yang mungkin tidak ada di bahasa lain.
3.  **Tata Bahasa (Grammar):** Sistem akar kata (root system) yang unik dan morfologi yang kompleks.
4.  **Kosakata:** Mayoritas kosakata tidak familiar bagi penutur bahasa selain Semit.

Namun, dengan dedikasi, metode belajar yang tepat, dan konsistensi, semua tantangan itu pasti bisa diatasi. Banyak juga yang bilang ini salah satu bahasa yang rewarding untuk dipelajari!"
Aku mahu buku fly ke jedah minggu depan. Bisa bantu schedule?,ERROR_GEMINI
Aku butuh travel umroh simpel tapi include Madina Visit.,"Oke, kamu mencari paket umroh simpel yang sudah termasuk ziarah ke Madinah.

Biasanya paket seperti ini memiliki durasi sekitar 9-12 hari. Kamu butuh detail lebih lanjut seperti tanggal keberangkatan atau budget?"
"Ya, Aki, Uridu, Book Flag, Ila Jeddah al-Uzbu Al-Kodim, hal bisa bantu Ajida Afdal schedule Warihalatan Mubashirah.","Baik, Anda ingin mencari penerbangan langsung dan jadwal terbaik ke Jeddah untuk al-Uzbu Al-Kodim.

Dari kota mana Anda akan terbang? Dan untuk tanggal berapa di minggu depan?"
Urdu Arrange Transport Minjidah ilah Madina Wadan,"Oke, Anda ingin arrange transportasi dari Jeddah (mungkin yang Anda maksud Minjidah) ilah Madina.

Untuk membantu mengatur, mohon berikan detail berikut:
*   Tanggal dan waktu keberangkatan
*   Jumlah penumpang
*   Jenis transportasi yang diinginkan (misalnya mobil pribadi, bus, etc.)
*   Bisakah Anda jelaskan lebih lanjut maksud 'Urdu' dan 'Wadan' terkait arrangement ini?"
"Book flight ke Jeddah lalu lanjut ke Madina, schedule terbaik kapan?","Untuk mendapatkan schedule terbaik, saya butuh detail lebih lanjut:

*   Tanggal keberangkatan Anda dari mana?
*   Preferensi jam terbang (pagi/siang/malam)?
*   Apakah ini untuk *Umrah* atau *Hajj*?

Umumnya, tiba di Jeddah pagi hari seringkali memudahkan koneksi ke Madina."
jelaskan step by step cara booking flight ke jada secara online,"Tentu, ini langkah-langkah booking flight ke Jeddah secara online:

1.  **Pilih Platform:** Kunjungi website maskapai (misal: Saudia, Emirates) atau Online Travel Agent (OTA) seperti Traveloka, Tiket.com, Skyscanner.
2.  **Masukkan Detail Pencarian:**
    *   **Departure City:** Kota keberangkatan Anda (misal: Jakarta).
    *   **Arrival City:** Ketik ""Jeddah"" atau kode bandara ""JED"".
    *   **Dates:** Pilih tanggal keberangkatan dan tanggal kembali (jika pulang-pergi).
    *   **Passengers:** Tentukan jumlah penumpang.
    *   **Travel Class:** Pilih kelas penerbangan (Ekonomi, Bisnis, dll.).
3.  **Cari Penerbangan:** Klik tombol ""Search"" atau ""Cari Penerbangan"".
4.  **Pilih Penerbangan:** Telusuri hasil pencarian, bandingkan harga, durasi, transit, dan pilih penerbangan yang sesuai.
5.  **Isi Data Penumpang:** Masukkan nama lengkap sesuai passport, tanggal lahir, nomor passport, dan detail kontak (email, nomor telepon).
6.  **Tambahkan Ekstra (Opsional):** Pilih bagasi tambahan, kursi, makanan, atau asuransi perjalanan jika diperlukan.
7.  **Review Detail:** Periksa kembali semua informasi penerbangan dan data penumpang. Pastikan tidak ada kesalahan.
8.  **Lakukan Pembayaran:** Pilih metode pembayaran (kartu kredit/debit, transfer bank, e-wallet) dan selesaikan transaksi.
9.  **Konfirmasi Booking:** Setelah pembayaran berhasil, Anda akan menerima email konfirmasi dan e-ticket ke alamat email yang terdaftar. Simpan e-ticket ini."
I feel overwhelmed dengan persiapan umroh. Ada tip sederhana,"Wajar kok merasa overwhelmed. Berikut beberapa tips sederhana:

1.  **Fokus Niat:** Ingat tujuan utama umrohmu. Insya Allah semua dimudahkan.
2.  **Checklist Simpel:** Buat daftar kecil hal penting (dokumen, pakaian, obat pribadi).
3.  **Tas Praktis:** Siapkan tas kecil yang mudah dibawa untuk saat thawaf dan sa'i.
4.  **Jaga Kesehatan:** Mulai jaga fisikmu sekarang agar kuat saat ibadah.
5.  **Perbanyak Doa:** Minta kemudahan pada Allah untuk setiap persiapanmu."
"Aku mau book flight ke Jeddah minggu depan, bisa bantu schedule.","Tentu, bisa. Mohon informasikan kota keberangkatan Anda dan tanggal spesifik di minggu depan untuk penerbangan ke Jeddah."
Aku butuh travel umrah simple tapi inkut mandina visit,"Oke, kamu butuh paket travel umrah yang simple dan *inkut mandina visit* ya."
Can you help aku arrange transport dari Jodah ke Madina tomorrow?,"Ya, aku bisa bantu.

Mohon info detailnya:
*   Jam berapa besok?
*   Berapa orang?
*   Ada preferensi transport apa (e.g., private car, bus, shared taxi)?"
"Ya akhirnya, Uridu Book Flight Ila Jirdah al-Uzbu Al-Kodim hal bisa bantu Ajira Afdwal schedule Warih Watan Mubashiro","Baik, Uridu book flight ila Jirdah al-Uzbu Al-Kodim. Tentu, saya bisa bantu mencari Ajira Afdwal schedule Warih Watan Mubashiro.

Untuk tanggal berapa tepatnya next week Anda ingin berangkat?"
Uri du arrange transport Minjik Dah Yula Madina Hogan,Saya tidak bisa arrange transport. Silakan pesan sendiri atau hubungi penyedia jasa transportasi.
Jelaskan step by step cara booking flight kejada secara online.,"Tentu, ini step-by-step cara booking flight secara online:

1.  **Pilih Platform:** Kunjungi website maskapai penerbangan langsung (misal: Garuda Indonesia, Emirates) atau Online Travel Agency (OTA) seperti Traveloka, Agoda, Skyscanner.
2.  **Masukkan Detail Penerbangan:**
    *   Pilih jenis perjalanan (pulang-pergi/round-trip, sekali jalan/one-way, multi-kota/multi-city).
    *   Masukkan kota keberangkatan (departure city) dan kota tujuan (destination city).
    *   Pilih tanggal keberangkatan (departure date) dan tanggal kembali (return date) jika pulang-pergi.
    *   Tentukan jumlah penumpang (dewasa/adult, anak-anak/child, bayi/infant).
3.  **Cari Penerbangan:** Klik tombol ""Search"" atau ""Cari Tiket"".
4.  **Pilih Penerbangan:**
    *   Lihat daftar penerbangan yang tersedia.
    *   Pilih penerbangan yang sesuai dengan waktu, harga, dan preferensi Anda (transit atau non-stop).
    *   Pilih juga penerbangan pulang jika booking pulang-pergi.
5.  **Review Detail:** Periksa kembali detail penerbangan yang Anda pilih (jam, tanggal, rute, harga).
6.  **Isi Data Penumpang:**
    *   Masukkan nama lengkap, tanggal lahir, dan informasi kontak (email, nomor telepon) sesuai dengan paspor/KTP.
    *   Pilih gender dan kebangsaan.
7.  **Pilih Tambahan (Opsional):**
    *   Anda mungkin ditawari untuk memilih kursi (seat selection), menambah bagasi (extra baggage), makanan (meals), atau asuransi perjalanan (travel insurance). Pilih sesuai kebutuhan.
8.  **Pembayaran:**
    *   Pilih metode pembayaran (kartu kredit/debit, transfer bank, e-wallet, dll.).
    *   Masukkan detail pembayaran dengan benar.
    *   Konfirmasi pembayaran.
9.  **Konfirmasi:**
    *   Setelah pembayaran berhasil, Anda akan menerima konfirmasi booking dan e-ticket melalui email.
    *   Periksa folder spam jika tidak menemukannya di inbox.
    *   Simpan e-ticket Anda untuk check-in."
"Menurut kamu, belajar bahasa Arab itu susah ga untuk pemula?","Belajar bahasa Arab untuk pemula itu bisa dibilang menantang, tapi sangat mungkin kok.

Beberapa hal yang mungkin dirasa susah di awal:
*   Sistem tulisan dan membaca dari kanan ke kiri.
*   Banyaknya variasi dialek (misal: bahasa Arab modern standar vs. dialek Mesir, Suriah, dll.).
*   Struktur tata bahasa yang berbeda dari bahasa Indonesia atau Inggris.

Tapi, banyak juga yang bilang kalau *once you get the hang of it*, *it becomes rewarding*. Ada banyak *resources* juga sekarang untuk pemula."
Aku mahu buka fly ke Jeddah minggu depan. Bisa bantu schedule?,"Tentu, saya bisa bantu. Dari kota mana Anda akan terbang dan tanggal berapa tepatnya minggu depan?"
Aku butuh travel umroh simple tapi inklud madina visit,"Baik, Anda mencari travel umroh yang simple dan inklusif dengan kunjungan ke Madina. Itu bisa diatur."
"Ya ahri, Uridu bootflike ila Jeddah al-Uzbu al-Kadim. Hal bisa bantu Ajida Afdol schedule Warih Latin Mubashiroh.","Tentu, saya bisa bantu carikan *schedule* penerbangan *Mubashiroh* ke Jeddah untuk *al-Uzbu al-Kadim*.

Dari kota mana Anda akan *depart*? Dan *specific* tanggal berapa *al-Uzbu al-Kadim* itu?"
Kuridu Range Transport Minjet Dah ilah Madinah Gwadan,"Baik, saya mencatat 'Kuridu Range Transport Minjet Dah ilah Madinah Gwadan'. Apa yang bisa saya bantu terkait ini?"
"Book flight ke Jeddah, lalu lanjut ke Madina, schedule terbaik apan?","Untuk membantu mencari jadwal terbaik ke Jeddah lalu lanjut ke Madina, saya butuh informasi lebih lanjut seperti:

*   **Tanggal keberangkatan** yang diinginkan.
*   **Tanggal pulang** (jika ada).
*   **Preferensi waktu** (pagi/siang/malam).
*   **Budget** Anda.
*   **Jumlah penumpang**."
"Ah Yanan saya bingung, mulai dari mana untuk umrah?","Langkah pertama adalah mencari travel agent (agen perjalanan) terpercaya. Mereka akan membantu mengurus visa, tiket pesawat, dan akomodasi Anda."
Aku mau book flight ke jada minggu depan bisa bantu schedule?,"Bisa. Untuk minggu depan, tanggal berapa tepatnya kamu ingin berangkat ke Jeddah? Dan dari mana keberangkatanmu?"
Aku mau book flight ke jada minggu depan bisa bantu schedule?,"Tentu, bisa. Dari kota mana keberangkatannya, dan tanggal berapa tepatnya di minggu depan untuk ke Jada?"
aku butuh travel umrah simpel tapi inkot madina fisip,"Tentu, Anda mencari paket **Umrah** yang simpel dan sudah **include Madinah**.

Bisa diperjelas maksud 'fisip' yang Anda inginkan?"
aku butuh travel umrah simpel tapi inkot madina fisip,"Baik, Anda mencari paket **Umrah** yang simpel dan sudah termasuk kunjungan ke **Madinah**.

Untuk 'fisip', apakah maksudnya fasilitas tertentu di **Madinah** atau jenis perjalanan yang mudah dan praktis?"
Boleh bantu saya menghubungi transport dari Jodah ke Madina esok?,"Tentu, saya bisa bantu memberi informasi. Sebagai AI, saya tidak bisa langsung menghubungi atau memesankan transport untuk Anda.

Namun, Anda bisa memesan transport dari Jeddah ke Madinah melalui beberapa cara:
*   **Aplikasi Taksi Online:** Gunakan Uber atau Careem.
*   **Taksi Pribadi:** Banyak tersedia di bandara atau bisa diatur melalui hotel.
*   **Bus Intercity:** SAPTCO menyediakan layanan bus antarkota yang nyaman.
*   **Penyedia Transport Haji/Umrah:** Jika Anda datang untuk Umrah, penyedia paket Anda mungkin bisa membantu.

Sebaiknya Anda memesan segera untuk keberangkatan esok hari."
Boleh bantu saya menghubungi transport dari Jodah ke Madina esok?,"Sebagai AI, saya tidak bisa menghubungi transport secara langsung. Namun, saya bisa bantu berikan informasi cara memesan.

Anda bisa memesan transport dari Jeddah ke Madinah untuk besok melalui:
*   **Kereta Cepat Haramain (SAR):** Pesan online di situs web mereka. Ini adalah opsi tercepat dan paling nyaman.
*   **Layanan Taksi/Mobil Pribadi:** Banyak platform online atau agen travel yang menawarkan layanan ini. Anda juga bisa bertanya ke hotel Anda.
*   **Bus SAPTCO:** Pesan online atau langsung di stasiun bus.

Saya sarankan Anda memesan sesegera mungkin untuk menjamin ketersediaan."
explain step by step cara apply visa saudi dengan benar,"Berikut langkah-langkah untuk mengajukan visa Saudi dengan benar:

1.  **Tentukan Jenis Visa:** Pertama, identifikasi jenis visa yang Anda butuhkan (misalnya, visa turis, Umrah, bisnis, kunjungan keluarga, kerja). Persyaratan berbeda untuk setiap jenis.

2.  **Periksa Kelayakan & Persyaratan:** Cek apakah Anda memenuhi syarat untuk jenis visa yang Anda pilih dan apa saja dokumen yang wajib disiapkan berdasarkan kewarganegaraan Anda. Banyak negara eligible untuk eVisa turis atau Visa On Arrival.

3.  **Siapkan Dokumen Penting:** Kumpulkan semua dokumen yang diperlukan:
    *   Paspor asli yang masih berlaku (minimal 6 bulan).
    *   Foto berwarna terbaru ukuran paspor (latar belakang putih).
    *   Bukti pemesanan akomodasi (hotel).
    *   Tiket pesawat pulang-pergi.
    *   Asuransi perjalanan (seringkali wajib).
    *   Surat undangan (untuk visa bisnis/kunjungan).
    *   Dokumen tambahan sesuai jenis visa Anda.

4.  **Pilih Metode Aplikasi:**
    *   **Online (eVisa/Visa On Arrival):** Jika Anda eligible, ini cara termudah untuk visa turis atau Umrah. Kunjungi portal resmi eVisa Saudi.
    *   **Kedutaan/VFS Tasheel:** Jika tidak eligible untuk eVisa/VOA, atau untuk jenis visa lain (misalnya, kerja, kunjungan keluarga), Anda perlu mengajukan melalui Kedutaan Besar Saudi Arabia di negara Anda atau pusat aplikasi resmi seperti VFS Tasheel.

5.  **Isi Formulir Aplikasi:** Lengkapi formulir aplikasi dengan cermat dan akurat. Pastikan semua informasi benar.

6.  **Bayar Biaya Visa:** Lakukan pembayaran biaya visa sesuai instruksi, baik secara online atau di lokasi VFS/Kedutaan.

7.  **Submit Aplikasi:**
    *   **Online:** Unggah semua dokumen yang diminta dan kirimkan aplikasi Anda.
    *   **VFS/Kedutaan:** Serahkan dokumen fisik Anda dan, jika diperlukan, lakukan pengambilan biometrik (sidik jari dan foto) di pusat VFS Tasheel.

8.  **Tunggu Proses & Keputusan:** Setelah aplikasi disubmit, tunggu proses verifikasi. Waktu proses bervariasi.

9.  **Terima Visa:** Jika disetujui, visa Anda akan dikirimkan melalui email (untuk eVisa) atau ditempel di paspor Anda (untuk aplikasi via VFS/Kedutaan)."
Explain step by step cara melakukannya bisa seluruh hidup dengan benar,"Hidup dengan ""benar"" adalah perjalanan pribadi, tapi berikut beberapa langkah umum yang bisa membantu:

1.  **Pahami Nilai dan Tujuanmu:** Refleksikan apa yang penting *bagimu*. Apa prinsip hidupmu? Apa *ultimate goal* kamu? Remember, *man 'arafa nafsahu faqad 'arafa rabbahu* (whoever knows himself knows his Lord).
2.  **Tetapkan Tujuan yang Jelas:** Miliki tujuan jangka pendek dan jangka panjang. Ini memberi arah dan motivasi.
3.  **Belajar dan Berkembang Terus:** Jangan pernah berhenti belajar. *Be open to new knowledge and experiences*.
4.  **Jaga Kesehatan Fisik dan Mental:** Ini fondasi untuk segalanya. Prioritaskan tidur, nutrisi, olahraga, dan *mental well-being*.
5.  **Bangun Hubungan yang Baik:** Investasikan waktu pada keluarga, teman, dan komunitas. *Human connection is vital*.
6.  **Berkontribusi dan Beri Manfaat:** Temukan cara untuk membantu orang lain atau *make a positive impact* di dunia.
7.  **Beradaptasi dan Resilien:** Hidup pasti ada tantangan. *Learn to bounce back*. Ingat, *inna ma'al 'usri yusra* (indeed, with hardship [will be] ease).
8.  **Praktikkan Syukur:** Hargai apa yang kamu miliki. *Gratitude changes perspective*.
9.  **Hidup di Momen Sekarang:** Jangan terlalu khawatir tentang masa lalu atau masa depan. *Focus on the present*.
10. **Bertindak dengan Integritas:** Jujur, bertanggung jawab, dan pegang teguh prinsip moralmu."
"Ya akhirnya, boleh dukung flight ilah jodah al-Ushbu Angka Dimm Hal bisa bantu Ajeda Afdal skujul bari halatan Mubashir Wah","Tentu, saya bisa bantu. Mohon jelaskan lebih lanjut mengenai Ajeda Afdal skujul dan halatan Mubashir Wah yang Anda butuhkan. فما هي التفاصيل؟"
"Ya akhirnya, boleh dukung flight ilah jodah al-Ushbu Angka Dimm Hal bisa bantu Ajeda Afdal skujul bari halatan Mubashir Wah","Saya bisa bantu terkait flight Anda. Mohon jelaskan lebih lanjut:

1.  Apa maksud 'jodah al-Ushbu' dan 'Angka Dimm Hal'?
2.  Detail apa yang Anda butuhkan untuk 'skujul Ajeda Afdal' secara 'Mubashir'?"
Uridu Orange Transport mencedah ilama dinah ladan,Uridu Orange Transport? Mohon jelaskan lebih lanjut apa yang Anda maksud dengan 'mencedah ilama dinah ladan'.
"Book flight kejadian lalu lanjut ke Madina, schedule terbaik kapan?","Untuk *flight* ke Madina, saya tidak bisa memberikan jadwal *real-time* atau melakukan *booking*.

Anda bisa cek *schedule* terbaik di *travel website* seperti Skyscanner, Traveloka, atau langsung di *website* maskapai. Pertimbangkan penerbangan langsung, waktu keberangkatan, dan harga untuk menemukan *schedule* yang paling *convenient* bagi Anda."
"Book flight kejadian lalu lanjut ke Madina, schedule terbaik kapan?","Anda tidak bisa booking flight kejadian lalu. Untuk jadwal terbaik ke Madina, kapan rencana tanggal keberangkatan Anda?"
bagaimana proses visa Saudi untuk kemerah dari Indonesia sekarang?,"Untuk visa Umrah Saudi dari Indonesia sekarang, prosesnya umumnya melalui agen perjalanan yang terdaftar. Agen akan membantu pengajuan visa (seringkali e-visa) setelah Anda melengkapi dokumen seperti paspor, foto, dan bukti vaksinasi yang diperlukan."
bagaimana proses visa Saudi untuk kemerah dari Indonesia sekarang?,"Proses visa Saudi untuk Umrah dari Indonesia saat ini umumnya dilakukan sebagai berikut:

1.  **Melalui Agen Perjalanan Umrah**: Mayoritas jamaah Indonesia mengajukan visa melalui agen perjalanan Umrah yang telah berlisensi. Agen akan membantu mengurus semua dokumen dan aplikasi visa Anda.
2.  **Platform Nusuk**: Setelah visa didapatkan (atau saat tiba dengan visa yang memenuhi syarat), jamaah dapat menjadwalkan ibadah Umrah dan kunjungan ke Rawdah (jika diinginkan) melalui aplikasi Nusuk.
3.  **Persyaratan**: Umumnya meliputi paspor yang masih berlaku, foto biometrik, dan dokumen pendukung lainnya sesuai permintaan agen atau sistem visa Saudi.

Visa Umrah biasanya diterbitkan sebagai bagian dari paket perjalanan yang sudah termasuk akomodasi dan transportasi di Saudi."
Hau tepi pardokomen umrah dari Indonesia dengan benar,"Dokumen-dokumen yang perlu disiapkan untuk umrah dari Indonesia antara lain:

1.  **Paspor asli** (masa berlaku minimal 6 bulan sebelum keberangkatan).
2.  **KTP asli**.
3.  **Kartu Keluarga (KK) asli**.
4.  **Buku Nikah asli** (bagi yang berangkat suami-istri).
5.  **Akta Lahir asli** (untuk anak-anak atau wanita yang bepergian tanpa mahram di bawah usia tertentu, jika diperlukan).
6.  **Foto berwarna** (ukuran dan background sesuai ketentuan).
7.  **Sertifikat Vaksin Meningitis**.
8.  **Sertifikat Vaksin COVID-19** (jika masih diperlukan)."
Hau tepi pardokomen umrah dari Indonesia dengan benar,"Berikut adalah dokumen-dokumen penting untuk umrah dari Indonesia:

*   Paspor asli (dengan masa berlaku minimal 6 bulan sebelum keberangkatan).
*   Kartu Keluarga (KK) asli.
*   Kartu Tanda Penduduk (KTP) asli.
*   Buku Nikah asli (bagi pasangan suami istri).
*   Akta Lahir asli (bagi anak-anak).
*   Sertifikat Vaksin Meningitis.
*   Foto berwarna ukuran 4x6, latar belakang putih, tampak wajah 80% (biasanya 2 lembar)."
"Menurut kamu, belajar bahasa Arab itu susah enggak untuk pemula.","Untuk pemula, bahasa Arab memang punya tantangan tersendiri, terutama karena sistem penulisan dan tata bahasanya yang berbeda. Namun, dengan konsistensi dan metode belajar yang tepat, banyak yang berhasil menguasainya. Tidak mustahil, kok."
"Menurut kamu, belajar bahasa Arab itu susah enggak untuk pemula.","Belajar bahasa Arab untuk pemula itu punya tantangan tersendiri, terutama karena sistem penulisannya dan tata bahasanya yang berbeda. Namun, dengan ketekunan dan metode yang tepat, itu sangat mungkin dipelajari."
Aku mau buka flight kecedah minggu depan bisa bantu schedule,"Tentu, bisa saya bantu.

Mohon berikan detail berikut agar saya bisa bantu schedule penerbangan ke **جدة** (Jeddah):
*   Dari kota mana?
*   Tanggal berapa minggu depan?
*   Untuk berapa orang?
*   One-way atau return?"
Aku butuh travel umrah simpel tapi inkrut Medina Visit,"Baik, Anda mencari paket umrah yang simpel dan sudah termasuk kunjungan ke Madinah."
Can you help aku reach transport dari Jeddah ke Madina tomorrow?,"Tentu, ada beberapa pilihan:

1.  **Kereta Cepat Haramain (Haramain High-Speed Railway):** Ini adalah cara tercepat dan termudah. Kamu bisa naik dari Stasiun Sultan Qaboos di Jeddah ke Stasiun Madinah. Pesan tiket online sebelumnya.
2.  **Bus (SAPTCO):** Lebih ekonomis. Ada bus reguler dari Jeddah ke Madinah.
3.  **Taksi Pribadi/Rental Mobil:** Bisa diatur dari bandara Jeddah atau melalui hotelmu. Ini pilihan paling fleksibel tapi mungkin lebih mahal."
Explan step by step cara apply visa Saudi dengan benar.,"Berikut adalah langkah-langkah untuk apply visa Saudi dengan benar, terutama untuk eVisa (Electronic Visa) yang paling umum:

1.  **Cek Kelayakan (Eligibility Check)**
    *   Pastikan negara Anda (misalnya, Indonesia) termasuk dalam daftar negara yang eligible untuk Saudi eVisa.
    *   Tentukan tujuan kunjungan Anda (turis, Umrah, bisnis) untuk memilih jenis visa yang tepat. eVisa umumnya untuk tujuan turis dan Umrah.

2.  **Siapkan Dokumen yang Diperlukan (Prepare Required Documents)**
    *   **Paspor:** Harus valid minimal 6 bulan dari tanggal masuk ke Saudi.
    *   **Foto Digital:** Ukuran paspor, latar belakang putih, tanpa kacamata atau penutup kepala (kecuali untuk alasan agama/medis).
    *   **Informasi Akomodasi:** Alamat tempat Anda akan menginap di Saudi (hotel booking atau alamat kerabat).
    *   **Tiket Penerbangan (opsional tapi dianjurkan):** Bukti penerbangan masuk dan keluar.
    *   **Kartu Kredit/Debit:** Untuk pembayaran biaya visa.

3.  **Akses Portal Resmi eVisa (Access Official eVisa Portal)**
    *   Kunjungi situs web resmi Saudi eVisa: [https://visa.visitsaudi.com/](https://visa.visitsaudi.com/)

4.  **Buat Akun dan Isi Formulir Aplikasi (Create Account & Fill Application Form)**
    *   Daftar akun baru jika belum punya.
    *   Mulai aplikasi visa baru.
    *   Isi semua informasi pribadi Anda dengan benar dan lengkap sesuai paspor.
    *   Unggah foto digital dan scan halaman biografi paspor Anda.
    *   Jawab pertanyaan terkait tujuan perjalanan, riwayat kesehatan, dan keamanan.

5.  **Review dan Lakukan Pembayaran (Review & Make Payment)**
    *   Periksa kembali semua data yang telah Anda masukkan. Pastikan tidak ada kesalahan.
    *   Lakukan pembayaran biaya visa menggunakan kartu kredit/debit Anda. Biaya ini biasanya sudah termasuk asuransi perjalanan wajib.

6.  **Submit Aplikasi (Submit Application)**
    *   Setelah pembayaran berhasil, submit aplikasi Anda.
    *   Anda akan menerima email konfirmasi bahwa aplikasi Anda telah diterima.

7.  **Tunggu Persetujuan (Wait for Approval)**
    *   Proses persetujuan eVisa biasanya cepat, bisa dalam hitungan menit hingga beberapa hari kerja.
    *   Cek email Anda secara berkala.

8.  **Terima dan Cetak eVisa (Receive & Print eVisa)**
    *   Jika disetujui, Anda akan menerima eVisa dalam bentuk file PDF melalui email.
    *   Cetak atau simpan salinan elektronik visa Anda. Anda perlu menunjukkannya saat check-in penerbangan dan saat tiba di imigrasi Saudi Arabia."
"Ya akhirnya, uredua buku frai ilah jadah al-usbual kodim Hal bisa bantu ajida afdual schedule barih latin mubashirah","Tentu, saya bisa bantu ajida afdual schedule al-usbual kodim. Afwan, bisa beritahu saya detail lebih lanjut tentang pameran bukunya? Seperti lokasi atau nama acaranya, wa mata preferensi waktu Anda?"
"Uridu Range Transport Minjatah ilah Medina, Hoden","Anda mencari Range Transport dari Minjatah ke Medina, Hoden. Informasi spesifik apa yang Anda butuhkan?"
Apa perbedaan umroh dan haj secara detail dalam Islam?,"Berikut perbedaan utama antara Umrah dan Hajj:

1.  **Hukum (Status Kewajiban)**:
    *   **Hajj**: `Fardhu 'ain` (wajib) bagi setiap Muslim yang `mampu` (secara fisik dan finansial) sekali seumur hidup. Hajj adalah salah satu dari Lima Rukun Islam.
    *   **Umrah**: `Sunnah muakkadah` (sangat dianjurkan) menurut mayoritas ulama, meskipun sebagian ulama (seperti Syafi'i dan Hanbali) menganggapnya `wajib` sekali seumur hidup jika mampu. Umrah bukan bagian dari Lima Rukun Islam.

2.  **Waktu Pelaksanaan**:
    *   **Hajj**: Hanya dapat dilaksanakan pada waktu tertentu dalam setahun, yaitu pada bulan `Dzulhijjah` (khususnya antara tanggal 8 hingga 12 atau 13 `Dzulhijjah`).
    *   **Umrah**: Dapat dilaksanakan kapan saja sepanjang tahun, kecuali pada hari-hari `Arafah` dan `Tasyriq` (bagi yang tidak sedang `berhaji`).

3.  **Rukun (Pilar Pokok)**:
    *   **Hajj**: Memiliki rukun lebih banyak, yaitu `Ihram`, `Wukuf` di `Arafah`, `Tawaf Ifadah`, `Sa'i`, dan `Tahallul`.
    *   **Umrah**: Memiliki rukun lebih sedikit, yaitu `Ihram`, `Tawaf`, `Sa'i`, dan `Tahallul`. `Wukuf` di `Arafah` tidak ada dalam Umrah.

4.  **Lokasi dan `Manasik` (Ritual)**:
    *   **Hajj**: Meliputi ritual di beberapa lokasi: `Makkah` (`Masjidil Haram`), `Arafah`, `Muzdalifah`, dan `Mina`. `Manasik` Hajj lebih kompleks dan panjang, termasuk `wukuf`, `mabit`, dan `melontar jumrah`.
    *   **Umrah**: Ritualnya hanya berpusat di `Makkah` (`Masjidil Haram`), meliputi `Tawaf` dan `Sa'i`.

5.  **Durasi**:
    *   **Hajj**: Memakan waktu lebih lama, setidaknya 5-6 hari untuk `manasik` intinya.
    *   **Umrah**: Memakan waktu lebih singkat, biasanya hanya beberapa jam hingga satu hari."
Kenapa fasting di Ramadan itu agib bagi muslim?,Fasting di Ramadan itu **wajib** bagi muslim karena itu adalah salah satu dari **rukun Islam** dan **fardh** yang diperintahkan **Allah SWT** dalam **Al-Qur'an**.
How to prepare Dokumen Umrah dari Indonesia dengan Benar,"Berikut adalah dokumen penting untuk persiapan Umrah dari Indonesia:

1.  **Paspor:** Masa berlaku minimal 6 bulan, dengan setidaknya 2 halaman kosong.
2.  **Visa Umrah:** Diurus melalui travel agent yang terdaftar.
3.  **Kartu Vaksin Meningitis & Polio:** Wajib.
4.  **KTP (Kartu Tanda Penduduk):** Fotokopi.
5.  **Kartu Keluarga (KK):** Fotokopi.
6.  **Buku Nikah:** Fotokopi (bagi suami istri).
7.  **Akta Lahir:** Fotokopi (bagi anak-anak).
8.  **Pas Foto:** Ukuran 4x6, background putih, fokus wajah 80%.
9.  **Surat Mahram:** Jika diperlukan (sesuai ketentuan untuk wanita)."
Ah Yanan saya bingung mulai dari mana untuk umroh.,"Pertama, kuatkan **niat** Anda. Setelah itu, mulai cari travel agent yang terpercaya, siapkan dokumen seperti paspor dan visa, serta pelajari **manasik** umroh."
Aku mahu buka fly kejada minggu depan. Bisa bantu schedule?,"Tentu, saya bisa bantu.

Untuk ke mana dan dari mana? Tanggal berapa rencana berangkat dan kembali minggu depan?"
bagaimana proses visa Saudi untuk umrah dari Indonesia sekarang?,"Sekarang, ada beberapa jalur utama untuk visa Umrah dari Indonesia:

1.  **Visa Nusuk**: Dapat diajukan langsung melalui platform Nusuk. Ini sering dipilih bagi yang ingin mengatur perjalanan Umrah secara mandiri.
2.  **Visa Turis (e-Visa)**: Visa turis multiple entry yang juga mengizinkan Anda untuk menunaikan Umrah. Aplikasi dilakukan secara online.
3.  **Melalui Travel Agent**: Mayoritas jamaah Indonesia memilih opsi ini. Travel agent akan mengurus seluruh proses pengajuan visa (baik Nusuk maupun visa turis) sebagai bagian dari paket Umrah yang Anda ambil.

**Proses umumnya:**
*   Siapkan dokumen yang diperlukan (seperti paspor valid, foto terbaru, dll.).
*   Ajukan visa (mandiri via platform online atau melalui travel agent).
*   Lakukan pembayaran biaya visa.
*   Tunggu proses approval visa Anda."
Guide aku cara pilih hotel di mekah dekat Haram dengan budget terbatas.,"Untuk pilih hotel budget dekat Haram di Makkah:

1.  **Pilih hotel dengan shuttle gratis:** Banyak hotel di area seperti Ajyad atau Misfalah (sedikit jauh dari Haram) menawarkan layanan bus gratis.
2.  **Booking jauh hari:** Harga lebih murah kalau pesan lebih awal, terutama di luar musim puncak.
3.  **Periksa ulasan pengguna:** Fokus pada kebersihan dan efisiensi layanan shuttle.
4.  **Bandingkan harga:** Gunakan situs seperti Booking.com atau Agoda untuk cari tawaran terbaik.
5.  **Pertimbangkan waktu kunjungan:** Harga lebih rendah di luar musim haji dan umrah yang ramai."
I will offer hand dengan persiapan umbra. Ada tips di derhana.,"Tentu, ini beberapa tips sederhana untuk persiapan Umrah dan perawatan *hand*:

1.  **Perawatan *Hand*:**
    *   Bawa hand sanitizer dan sering cuci tangan.
    *   Gunakan pelembab (moisturizer) untuk tangan karena cuaca bisa kering.
    *   Pastikan kuku dipotong rapi sebelum memakai pakaian *ihram*.
2.  **Kesehatan Fisik:** Latih jalan kaki agar terbiasa dengan aktivitas *thawaf* dan *sa'i*.
3.  **Pahami *Manasik*:** Pelajari tata cara *manasik* Umrah agar *ibadah* lancar.
4.  **Perlengkapan:** Siapkan pakaian *ihram* dan alas kaki yang nyaman."
Bolehkah anda memberi saya kembali transport dari Jedah ke Bandinah esok?,"Maaf, saya adalah AI dan tidak dapat menyediakan layanan transportasi fisik."
"Ya ahli, Uri Dubuk flag ilah jadah usbong al-Qadim, hal bisa bantu Ajida Afdal skéjul warih latan musibaroh.","Tentu, dengan senang hati saya akan bantu Ajida Afdal skéjul *musyawarah*.

Mohon berikan detailnya:
1.  Kapan *musyawarah* tersebut ingin diadakan (tanggal dan waktu)?
2.  Di mana lokasinya?
3.  Siapa saja yang akan berpartisipasi?
4.  Apa agenda *musyawarah*nya?"
"Urdu Red Sunspot Minjeda Ilamadi, Nagodon","Mohon maaf, kalimat yang Anda berikan tidak jelas dan sulit dipahami. Bisakah Anda memberikan informasi lebih lanjut atau mengulang pertanyaan Anda?"
Apa perbedaan Umrah dan Hajj secara detil dalam Islam?,"Secara detil, perbedaan utama antara Umrah dan Hajj dalam Islam adalah:

1.  **Hukum (Obligation):**
    *   **Hajj:** Fardh (wajib) bagi Muslim yang mampu (secara finansial, fisik, dan keamanan) untuk melaksanakannya sekali seumur hidup. Hajj adalah salah satu dari Lima Rukun Islam.
    *   **Umrah:** Sunnah Muakkadah (sangat dianjurkan) menurut mayoritas ulama, meskipun sebagian menganggapnya wajib. Umrah bukan salah satu dari Lima Rukun Islam.

2.  **Waktu Pelaksanaan:**
    *   **Hajj:** Hanya dapat dilaksanakan pada waktu tertentu dalam setahun, yaitu pada bulan Dzulhijjah, mulai dari tanggal 8 hingga 12 atau 13 Dzulhijjah.
    *   **Umrah:** Dapat dilaksanakan kapan saja sepanjang tahun, kecuali pada waktu-waktu Hajj (karena fokus dan kepadatan jamaah untuk Hajj).

3.  **Rukun dan Manasik (Rituals):**
    *   **Umrah:** Memiliki rukun yang lebih sedikit. Hanya terdiri dari Ihram, Tawaf, Sa'i, dan Tahallul (menggunting atau mencukur rambut).
    *   **Hajj:** Memiliki rukun dan wajib yang lebih banyak dan kompleks. Selain Ihram, Tawaf, Sa'i, dan Tahallul, Hajj juga mencakup:
        *   **Wuquf di Arafah:** Ini adalah rukun terpenting Hajj.
        *   **Mabit di Muzdalifah:** Bermalam di Muzdalifah.
        *   **Mabit di Mina:** Bermalam di Mina.
        *   **Melontar Jamarat:** Melempar jumrah di Mina.
        *   **Tawaf Ifadah:** Tawaf utama Hajj.
        *   **Tawaf Wada':** Tawaf perpisahan (bagi yang akan meninggalkan Makkah).

4.  **Durasi:**
    *   **Umrah:** Bisa diselesaikan dalam beberapa jam hingga satu hari.
    *   **Hajj:** Membutuhkan waktu setidaknya 5-6 hari untuk manasik utamanya (dari 8 Dzulhijjah), meskipun total perjalanan Hajj bisa memakan waktu berminggu-minggu.

5.  **Pahala dan Keutamaan:**
    *   Kedua ibadah ini memiliki pahala yang besar. Hajj Mabrur memiliki keutamaan surga, dan Umrah juga menghapus dosa antara satu Umrah ke Umrah berikutnya."
Jelaskan step by step cara booking flight kejudah secara online.,"Tentu, ini langkah-langkah booking flight ke Jeddah secara online:

1.  **Pilih Platform:** Kunjungi website maskapai penerbangan (e.g., Garuda Indonesia, Saudia Airlines) atau Online Travel Agency (OTA) seperti Traveloka, Agoda, atau Skyscanner.
2.  **Masukkan Detail Pencarian:** Di kolom pencarian, masukkan ""Destination"" ke Jeddah, pilih ""Departure Date"" dan ""Return Date"" (jika pulang-pergi), serta jumlah ""Passengers"".
3.  **Cari Penerbangan:** Klik ""Search"" atau ""Find Flights"" untuk melihat opsi penerbangan yang tersedia.
4.  **Pilih Penerbangan:** Pilih ""Outbound Flight"" dan ""Return Flight"" (jika ada) yang sesuai dengan jadwal dan budget-mu. Perhatikan durasi, transit, dan harga.
5.  **Isi Data Penumpang:** Masukkan ""Passenger Details"" (nama lengkap sesuai paspor, tanggal lahir, nomor kontak, email). Pastikan tidak ada typo.
6.  **Pilih Add-ons (Opsional):** Jika perlu, tambahkan ""add-ons"" seperti bagasi tambahan, pemilihan kursi, atau makanan.
7.  **Review Pesanan:** Periksa kembali semua detail penerbangan dan penumpangmu. Pastikan semuanya sudah benar.
8.  **Lakukan Pembayaran:** Pilih metode pembayaran (kartu kredit/debit, transfer bank, e-wallet) dan selesaikan ""Payment"".
9.  **Konfirmasi:** Setelah pembayaran berhasil, kamu akan menerima ""Confirmation Email"" berisi ""E-ticket"" yang akan dikirim ke email-mu. Simpan e-ticket ini."
"Aku butuh travel umrah simpel, tapi inkrut Madina Visit.","Tentu, kami bisa bantu carikan paket travel Umrah yang simpel, inkrut kunjungan ke Madina."
"Translate ke English, aku mau pergi ke Mekah minggu depan.",I want to go to Mecca next week.
"Ya Aki, Uri Dubuk Flag ilah jedah al-Uzbu'an Kadim. Hal bisa bantu Ajida Afdal schedule warih latan Mubashirah?","Tentu, bisa! Agar saya bisa bantu Ajid menyusun schedule yang afdal, mohon beritahu beberapa details:

1.  **Tanggal pasti** event di Jeddah **al-Uzbu'an al-Qadim**?
2.  Berapa **lama durasi** acara ""Dubuk Flag""?
3.  Apa saja **activities utama** yang perlu dijadwalkan, terutama terkait **latan Mubashirah**?
4.  Apakah ada **waktu-waktu tertentu yang harus dihindari**?"
Uri Du Arrange Transport Minjidah Ila Madina Gwadan,"Baik, Anda ingin kami arrange transport Minjidah Ila Madina. Kapan dan untuk berapa orang?"
"Aku mau buk flight kejada minggu depan, bisa bantu schedule?","Tentu, saya bisa bantu.

Dari mana keberangkatan Anda dan tanggal berapa tepatnya minggu depan Anda ingin terbang ke Jeddah?"
Aku butuh travel umrah simpel tapi inget Medina Visit.,"Baik, Anda mencari paket Umrah yang simple tapi include Medina Visit. Bisa kami bantu carikan."
Can you help aku arrange transport dari Jedah ke Madinah Tumurau?,ERROR_GEMINI
"Ya, akhirnya, Uri Dubeu Ptei ilajib dah alus mual kodim. Hal bisa bantu Ajida Afdol schedule, wari lehtan Mubashiroh?","Tentu, saya bisa bantu. Untuk **schedule Ajida Afdol** dan **Mubashiroh**, mohon informasikan detail waktu dan tanggal yang diinginkan, serta tujuan jadwalnya."
"Uridu Range Transport Minjib Dah ilam Adina, Wadan","Baik, Anda Uridu Range Transport. Bisakah Anda memberikan detail lebih lanjut mengenai Minjib, Dah ilam, Adina, Wadan? Apakah ini lokasi penjemputan, tujuan, atau informasi lainnya?"
"Book flight ke Juda lalu lanjut ke Madina, schedule terbaik kapan?","Untuk penerbangan ke Jeddah (JED) lalu Madinah (MED), saya tidak bisa mengecek jadwal real-time atau melakukan pemesanan langsung.

Untuk mendapatkan schedule terbaik, Anda perlu:
1.  Tentukan tanggal perjalanan Anda.
2.  Cari di situs web maskapai penerbangan (misalnya Saudia) atau Online Travel Agent (OTA) seperti Traveloka, Tiket.com, Skyscanner, atau Google Flights.
3.  Pertimbangkan faktor seperti harga, durasi transit, dan waktu keberangkatan/kedatangan yang paling Anda inginkan.

Biasanya ada banyak pilihan penerbangan domestik atau transportasi darat (bus/kereta) dari Jeddah ke Madinah."
Apa perbedaan umroh dan haji secara detail dalam Islam?,"Perbedaan utama antara Umroh dan Haji secara detail adalah:

1.  **Hukum/Kedudukan:**
    *   **Haji:** Hukumnya *fardh* (wajib) bagi setiap Muslim yang mampu secara fisik dan finansial, dan merupakan salah satu dari Lima Rukun Islam.
    *   **Umroh:** Hukumnya *sunnah mu'akkadah* (sangat dianjurkan) menurut mayoritas ulama, namun beberapa madzhab menganggapnya *wajib*. Bukan termasuk Rukun Islam.

2.  **Waktu Pelaksanaan:**
    *   **Haji:** Hanya bisa dilaksanakan pada waktu tertentu dalam setahun, yaitu pada bulan Dzulhijjah (dari tanggal 8 hingga 13 Dzulhijjah).
    *   **Umroh:** Bisa dilaksanakan kapan saja sepanjang tahun, kecuali pada hari Arafah (9 Dzulhijjah) dan hari Tasyrik (11, 12, 13 Dzulhijjah) bagi mereka yang sedang berhaji.

3.  **Rukun dan Wajib:**
    *   **Haji:** Memiliki rukun dan wajib yang lebih banyak dan kompleks, termasuk *Ihram*, *Tawaf Ifadah*, *Sa'i*, *wuquf* di Arafah, *mabit* di Muzdalifah dan Mina, melempar *jumrah*, serta *Qurban* (bagi haji Tamattu' dan Qiran).
    *   **Umroh:** Rukunnya lebih sedikit, yaitu *Ihram*, *Tawaf*, *Sa'i*, dan *Tahallul*.

4.  **Durasi:**
    *   **Haji:** Membutuhkan waktu yang lebih lama, biasanya 5-6 hari atau lebih, tergantung jenis haji dan pengaturan perjalanan.
    *   **Umroh:** Relatif lebih singkat, bisa selesai dalam beberapa jam saja.

5.  **Lokasi:**
    *   **Haji:** Meliputi area yang lebih luas, termasuk *Masjidil Haram* di Makkah, Arafah, Muzdalifah, dan Mina.
    *   **Umroh:** Terbatas di *Masjidil Haram* (untuk *Tawaf* dan *Sa'i*) serta area *Miqat* untuk *Ihram*."
Kenapa fasting di Ramadhan itu wajib pergi muslim?,Fasting di Ramadhan wajib bagi muslim karena Allah (SWT) mewajibkannya dalam Al-Qur'an. Ini adalah salah satu rukun Islam.
Jelaskan step by step cara booking flight kejedah secara online,"Tentu, berikut adalah langkah-langkah untuk booking flight ke Jeddah secara online:

1.  **Pilih Platform Booking:** Kunjungi website maskapai penerbangan langsung (misalnya Garuda Indonesia, Saudia, Emirates) atau Online Travel Agency (OTA) seperti Traveloka, Tiket.com, Agoda, Skyscanner, atau Kayak.
2.  **Masukkan Detail Penerbangan:**
    *   **Departure/Origin:** Kota keberangkatan Anda (misalnya Jakarta, Surabaya).
    *   **Arrival/Destination:** Jeddah.
    *   **Departure Date:** Tanggal keberangkatan Anda.
    *   **Return Date:** Tanggal kembali Anda (jika round-trip).
    *   **Passengers:** Jumlah penumpang (dewasa, anak-anak, bayi).
    *   **Class:** Kelas penerbangan (Ekonomi, Bisnis, First Class).
3.  **Cari Penerbangan:** Klik tombol ""Cari"" atau ""Search Flights"".
4.  **Pilih Penerbangan:** Telusuri daftar penerbangan yang tersedia. Pertimbangkan faktor seperti harga, waktu keberangkatan/kedatangan, durasi penerbangan, jumlah transit, dan maskapai. Klik ""Pilih"" atau ""Select"" pada penerbangan yang Anda inginkan.
5.  **Isi Data Penumpang:** Masukkan informasi lengkap setiap penumpang sesuai paspor:
    *   Nama lengkap (sesuai paspor)
    *   Tanggal lahir
    *   Jenis kelamin
    *   Kewarganegaraan
    *   Nomor paspor dan tanggal kadaluarsa (seringkali diperlukan untuk penerbangan internasional).
    *   Detail kontak (email dan nomor telepon)
6.  **Pilih Tambahan (Opsional):** Anda mungkin ditawari untuk memilih kursi, menambah bagasi, memesan makanan khusus, atau membeli asuransi perjalanan. Pilih sesuai kebutuhan Anda.
7.  **Review Detail Booking:** Periksa kembali semua rincian penerbangan dan data penumpang untuk memastikan tidak ada kesalahan. Ini sangat penting sebelum pembayaran.
8.  **Lakukan Pembayaran:** Pilih metode pembayaran yang tersedia (kartu kredit/debit, transfer bank, e-wallet, dll.) dan selesaikan transaksi.
9.  **Terima Konfirmasi:** Setelah pembayaran berhasil, Anda akan menerima email konfirmasi booking beserta e-ticket Anda. Simpan email ini dan cetak e-ticket jika diperlukan."
How to prepare dokumen umroh dari Indonesia dengan benar?,"Berikut adalah dokumen-dokumen penting untuk mempersiapkan umroh dari Indonesia:

1.  **Paspor:** Masa berlaku minimal 6-8 bulan sebelum keberangkatan, dengan beberapa halaman kosong.
2.  **Visa Umroh:** Diurus oleh biro travel.
3.  **Sertifikat Vaksin Meningitis ACWY:** Wajib.
4.  **Foto Berwarna:** Ukuran 4x6 atau sesuai standar kedutaan Arab Saudi (biasanya latar belakang putih).
5.  **Kartu Tanda Penduduk (KTP).**
6.  **Kartu Keluarga (KK).**
7.  **Buku Nikah (bagi pasangan suami-istri).**
8.  **Akta Lahir (bagi anak-anak yang ikut).**
9.  **Surat Rekomendasi:** Dari biro travel atau Kemenag setempat (jika diperlukan)."
"Ahyaanan, saya bingung mulai dari mana untuk umrah.","Mulailah dengan Niat yang tulus, kemudian cari travel agent terpercaya. Setelah itu, siapkan dokumen penting dan pelajari manasik Umrah."
"Aku mau buk fly kejejada minggu depan, bisa bantu schedule",Apakah Anda mau **buk fly** ke Jeddah minggu depan? Mohon informasikan kota keberangkatan dan tanggal spesifiknya ya.
"Kenapa, fasting di Ramadan itu wajib bagi muslim?",Fasting di Ramadan wajib karena merupakan salah satu rukun Islam. Allah SWT memerintahkannya dalam Al-Qur'an (Surah Al-Baqarah ayat 183) agar umat Muslim mencapai *taqwa* dan sebagai bentuk ibadah.
"Menurut kamu, belajar bahasa Arab itu susah nggak untuk pemula.","Tergantung pada latar belakang bahasa dan metode belajarmu.

Bagi sebagian orang, *script* dan tata bahasanya (grammar) mungkin menantang di awal karena sangat berbeda dari bahasa Indonesia atau Inggris. Ada bunyi-bunyi baru dan struktur kalimat yang unik.

Namun, dengan ketekunan, metode yang tepat, dan sumber belajar yang baik, kesulitan itu bisa diatasi. Banyak juga kosakata yang bisa dipelajari dengan mudah. Jadi, intinya bukan tidak mungkin, tapi butuh usaha ekstra di awal."
Can you help aku arrange transport dari Jedah ke Madinah tomorrow?,"Tentu, aku bisa bantu. Untuk transportasi dari Jeddah ke Madinah besok, the most efficient way is usually the **Haramain High-Speed Railway**.

Mau aku bantu cek jadwal dan cara booking-nya?"
"Ya ahli, urdu buk flyk ilah jedah al usbo al kadim Hal bisa bantu Ajida Afdal schedule warih latan Mubashirah","Tentu, saya bisa bantu. Untuk mencari 'Afdal schedule' dan 'warih latan Mubashirah' ke Jeddah 'al usbo al kadim', saya butuh beberapa detail:

*   Dari kota mana Anda akan berangkat?
*   Tanggal spesifik 'al usbo al kadim' yang Anda inginkan?"
"Uridu Range Transport Minjidah Ilhamadina, Godan","Anda **Uridu** Range Transport **Minjidah Ilhamadina**, Godan.

Apa yang ingin Anda lakukan terkait hal ini?"
aku mau buku flight kejadaan minggu depan bisa bantu schedule,"Aku tidak bisa langsung memesan atau menjadwalkan penerbangan.

Tapi, aku bisa bantu kamu mencari informasi flight. Untuk kejadian minggu depan, bisakah kamu beritahu tanggal pasti, kota keberangkatan, dan kota tujuan?"
Can you help aku arrange transport dari Jeddah ke Marina tomorrow?,"Tentu, bisa. Untuk membantu, aku butuh detail lebih lanjut:

*   Jam berapa kamu ingin berangkat?
*   Berapa banyak orang?
*   Transportasi seperti apa yang kamu inginkan (misalnya, taksi, sewa mobil dengan sopir)?"
"Ya akhir, Uridu Book Flight Ilajir Dah Lus Bual Kodim, Hal Bisa Bantu Ajida Afdal Schedul Wari Helatan Mubashirah","**Na'am**, saya bisa bantu.

Untuk mencari **afdal schedul** dan **helatan mubashirah** ke `Ilajir Dah Lus Bual Kodim`, **hal** `Ilajir Dah Lus Bual Kodim` ini **Ism madina** atau **matar**? Atau mungkin **hadath** `mu'ayyan`?

Mohon **akhbirni** kota keberangkatan Anda dan `tarikh` **safaruk** yang `mufaddal`."
Uridu Arrange Transport Minjir Dah ilama Dina Hrwadan,"Baik, Uridu arrange transport.
Mohon konfirmasi detail berikut:
1.  Lokasi keberangkatan Minjir Dah yang spesifik.
2.  Lokasi tujuan Dina yang spesifik (apakah itu Madinah?).
3.  Apa yang dimaksud dengan Hrwadan?
4.  Tanggal dan waktu keberangkatan.
5.  Jumlah penumpang.

Setelah kami dapat detail tersebut, kami akan bantu arrange transport-nya. Syukran."
Book flat ke Jeddah lalu lanjut ke Marina. Schedul terbaik kapan?,"Bisa jelaskan lebih lanjut Marina yang dimaksud?

Untuk **flat di Jeddah**, jadwal terbaik seringkali di musim dingin atau semi (November-April) agar cuaca lebih nyaman. Hindari musim panas (Juni-Agustus) jika tidak suka panas ekstrem.

Anda bisa mencari *flat* di platform *online* seperti Airbnb atau Booking.com."
Jelaskan step-by-step cara booking flight ke Jodah secara online.,"Tentu, ini step-by-step cara booking flight ke Jodah secara online:

1.  **Pilih Platform Booking:** Buka website maskapai penerbangan (misalnya, Saudia, Emirates, Qatar Airways) atau Online Travel Agency (OTA) seperti Traveloka, Tiket.com, Agoda, atau Skyscanner.
2.  **Masukkan Detail Penerbangan:**
    *   **Departure City:** Kota keberangkatan Anda (contoh: Jakarta, Kuala Lumpur).
    *   **Arrival City:** Pilih ""Jeddah"" (kode IATA: JED).
    *   **Departure Date:** Tanggal keberangkatan.
    *   **Return Date:** Tanggal kembali (jika round-trip).
    *   **Passengers:** Jumlah penumpang (dewasa, anak-anak, bayi).
    *   **Class:** Pilih kelas penerbangan (Economy, Business, First).
3.  **Cari Penerbangan:** Klik tombol ""Search"" atau ""Cari Penerbangan"".
4.  **Pilih Penerbangan:**
    *   Lihat daftar penerbangan yang tersedia.
    *   Bandingkan harga, durasi perjalanan, jam keberangkatan/kedatangan, dan maskapai.
    *   Pilih flight yang sesuai dengan preferensi Anda.
5.  **Isi Detail Penumpang:**
    *   Masukkan nama lengkap sesuai passport.
    *   Tanggal lahir, nationality, dan nomor passport (mungkin diminta saat ini atau nanti).
    *   Pastikan semua data benar.
6.  **Tambahkan Ekstra (Opsional):** Pilih bagasi tambahan, kursi, atau makanan khusus jika diperlukan. Ini biasanya ada biaya tambahan.
7.  **Review Booking:** Periksa kembali semua detail penerbangan dan data penumpang Anda. Pastikan tidak ada kesalahan.
8.  **Lakukan Pembayaran:** Pilih metode pembayaran (kartu kredit/debit, bank transfer, dll.) dan selesaikan transaksi.
9.  **Konfirmasi Booking:** Setelah pembayaran berhasil, Anda akan menerima email konfirmasi dan e-ticket dari maskapai atau OTA. Simpan baik-baik e-ticket ini."
How to prepare dokumen umroh dari Indonesia dengan benar?,"Untuk menyiapkan dokumen umroh dari Indonesia, berikut adalah daftar yang umum diperlukan:

1.  **Paspor**: Masa berlaku minimal 6 bulan dari tanggal keberangkatan.
2.  **Visa Umroh**: Diurus oleh travel agent Anda.
3.  **Kartu Vaksin Meningitis**: Wajib, dan terkadang juga vaksin influenza.
4.  **KTP (Kartu Tanda Penduduk)**: Fotokopi.
5.  **Kartu Keluarga (KK)**: Fotokopi.
6.  **Buku Nikah**: Fotokopi, bagi suami istri yang berangkat bersama.
7.  **Akta Lahir**: Fotokopi, bagi anak-anak yang berangkat.
8.  **Pas Foto**: Ukuran 4x6 atau 3x4, background putih, fokus wajah 80%, tidak memakai kacamata, wanita berjilbab gelap. Jumlah disesuaikan (biasanya 2-4 lembar).
9.  **Surat Mahram (jika diperlukan)**: Untuk wanita di bawah usia tertentu yang berangkat tanpa mahram, sesuai kebijakan kerajaan Saudi.
10. **Surat Rekomendasi dari Kemenag**: Terkadang dibutuhkan.

Pastikan semua dokumen valid dan sesuai ketentuan travel agent Anda."
Aku mau book flight kerja dah minggu depan. Bisa bantu schedule?,"Tentu, saya bisa bantu. Untuk schedule flight kerja Anda minggu depan, tolong berikan detail berikut:

*   **Destinasi:** (Ke mana Anda akan terbang?)
*   **Tanggal Preferred:** (Hari apa minggu depan?)
*   **Waktu Preferred:** (Pagi, siang, malam?)
*   **Maskapai Preferred:** (Jika ada)
*   **Budget Range:** (Jika ada)"
"Aku butuh tramvel umrah, simple, tapi inklud Medina Visit.","Kamu butuh paket travel umrah simple, tapi sudah **inkl**ud **Medina Visit**."
Can you help aku arrange transport dari Ceta ke Madina tomorrow?,"Tentu, aku bisa bantu. Bisakah kamu jelaskan lebih lanjut ""Ceta"" itu di mana dan apakah ""Madina"" yang dimaksud adalah Madinah, Saudi Arabia?"
"ʻʻia ʻakri ʻulidw buq flayq ila jatta al-usbu'al qodim, Ḥal bisa bantu ajida afdol skadol warihlatan mubashirah.","Untuk membantu mencari `afdol skadol` dan `rihlatan mubashirah` dari `ʻakri ʻulidw buq flayq` ke `Jatta` `al-usbu' al-qadim`, mohon berikan tanggal keberangkatan yang spesifik dan konfirmasi nama kota asal `ʻakri ʻulidw buq flayq`."
Urdu Arang Transpond Minjeta ilah Madina Khodan,"Urdu, Arang, Transpond, Minjeta, ilah, Madina, Khodan.

Mohon berikan detail lebih lanjut atau pertanyaan Anda."
Bok Flight ke Jeddah lalu lanjut ke Madina. Schedul terbaik kapan?,"Untuk schedul terbaik flight ke Jeddah lalu lanjut ke Madina, mohon infokan:

*   **Kota keberangkatan Anda.**
*   **Tanggal perjalanan yang diinginkan.**
*   **Preferensi maskapai atau budget.**

Dengan info tersebut, Anda bisa mencari opsi terbaik melalui situs online travel agent (OTA) atau website maskapai penerbangan."
Kenapa fasting Giramadan itu wajib bagi muslim?,Fasting di bulan Ramadan wajib karena merupakan perintah langsung dari Allah Subhanahu wa Ta'ala yang disebutkan dalam Al-Qur'an (Surah Al-Baqarah ayat 183). Ini juga termasuk salah satu dari lima rukn Islam.
Guaid aku cara pilih hotel di Makkah dekat Haram dengan bacet terbatas.,"Untuk budget terbatas di Makkah dekat Haram:

1.  **Jarak:** Cari hotel yang sedikit lebih jauh dari **Haram** (misalnya 1-2 km), harganya lebih murah.
2.  **Shuttle:** Pastikan hotel menyediakan shuttle bus gratis ke dan dari **Haram**.
3.  **Waktu:** Booking jauh-jauh hari atau saat off-peak season.
4.  **Bandingkan:** Gunakan situs OTA (Online Travel Agents) untuk membandingkan harga.
5.  **Review:** Selalu baca review dari tamu sebelumnya, fokus pada kebersihan dan aksesibilitas.
6.  **Fasilitas:** Prioritaskan hotel dengan fasilitas dasar yang memadai, tidak perlu yang mewah."
Aku mau book flight ke jedah minggu depan bisa bantu schedule.,"Tentu, aku bisa bantu.

Bisa tolong berikan detail berikut:
*   **Tanggal spesifik** minggu depan kamu ingin berangkat?
*   **Kota keberangkatan** kamu dari mana?
*   **Jumlah penumpang**?
*   **Kelas penerbangan** (ekonomi, bisnis, dll.)?"
"Aku butuh travel umbra, simple, tapi include Madina Visit.","Baik, Anda mencari paket travel **umrah** yang simple dan sudah termasuk kunjungan ke Madinah.

Kami bisa bantu. Perlu detail seperti tanggal keberangkatan atau durasi yang diinginkan?"
Explan step by step cara apply visa Saudi dengan benar.,"Tentu, berikut langkah-langkah untuk mengajukan visa Saudi, khususnya e-Visa (visa elektronik) yang paling umum untuk tujuan turis atau Umrah:

1.  **Tentukan Jenis Visa:**
    *   Untuk turis atau Umrah, e-Visa adalah pilihan yang paling mudah dan cepat.
    *   Jika untuk tujuan lain (bisnis, kerja, haji), prosesnya akan berbeda dan mungkin memerlukan sponsor atau undangan dari Saudi Arabia. Fokus pada e-Visa.

2.  **Cek Kelayakan:**
    *   Pastikan negara Anda (pemegang paspor) termasuk dalam daftar negara yang memenuhi syarat untuk mengajukan e-Visa Saudi.

3.  **Siapkan Dokumen:**
    *   **Paspor asli:** Masih berlaku minimal 6 bulan sejak tanggal masuk yang direncanakan.
    *   **Foto digital:** Ukuran paspor terbaru, latar belakang putih, tanpa kacamata atau penutup kepala (kecuali untuk alasan agama), wajah terlihat jelas.
    *   **Kartu kredit/debit:** Untuk pembayaran biaya visa.

4.  **Kunjungi Portal Resmi:**
    *   Buka website resmi e-Visa Saudi Arabia. Pastikan Anda menggunakan situs web resmi pemerintah untuk menghindari penipuan.

5.  **Isi Formulir Aplikasi Online:**
    *   Mulai aplikasi baru.
    *   Lengkapi semua informasi pribadi dengan akurat (nama, tanggal lahir, kebangsaan, detail paspor, dll.).
    *   Masukkan detail rencana perjalanan Anda (tanggal masuk/keluar, tujuan).
    *   Jawab pertanyaan terkait kesehatan dan keamanan.

6.  **Unggah Dokumen:**
    *   Unggah foto digital Anda.
    *   Unggah halaman biodata paspor Anda (halaman dengan foto dan informasi pribadi).

7.  **Bayar Biaya Visa:**
    *   Lakukan pembayaran menggunakan kartu kredit/debit Anda. Biaya ini biasanya sudah termasuk biaya aplikasi dan asuransi kesehatan wajib.

8.  **Tunggu Persetujuan:**
    *   Setelah pembayaran berhasil, aplikasi Anda akan diproses. Proses e-Visa biasanya sangat cepat, seringkali hanya dalam hitungan menit hingga beberapa jam atau hari kerja.
    *   Anda akan menerima notifikasi melalui email.

9.  **Terima dan Cetak Visa:**
    *   Setelah disetujui, e-Visa Anda akan dikirimkan ke alamat email yang Anda daftarkan.
    *   Cetak e-Visa tersebut dan bawa salinannya saat Anda bepergian ke Saudi Arabia. Ini akan ditunjukkan kepada petugas imigrasi saat kedatangan."
"Ia aqi, uridu buk flag ilajedah al-usbun al-qadim, hal bisa bantu Ajida Afdal schedule warih latan Mubashirah.","Halo aqi. Saya tidak memiliki akses ke jadwal pribadi seseorang, termasuk Ajida Afdal. Antum bisa langsung menghubungi beliau untuk mencari waktu yang afdal dan mubashirah."
Uridu Rains Transport Minje Dah ila Madina Gadhan,Anda ingin transport untuk Minje Dah ila Madina Gadhan. Bisakah Anda jelaskan lebih lanjut mengenai 'Rains Transport'? Apakah itu nama perusahaan atau jenis layanan yang Anda cari?
Book flag kejada lalu lanjut ke Madina schedule terbaik kapan?,"Dari Jeddah ke Madinah, opsi terbaik biasanya adalah Kereta Cepat Haramain (Haramain High-Speed Rail). Jadwalnya bervariasi sepanjang hari, Anda bisa cek langsung di situs web mereka untuk waktu yang paling sesuai."
Apa perbedaan umbrah dan haji secara detail dalam Islam?,"Berikut adalah perbedaan utama antara `Umrah` dan `Haji` secara detail dalam Islam:

1.  **Hukum/Status:**
    *   **Haji:** Hukumnya `fardh 'ain` (wajib) bagi setiap Muslim yang mampu secara finansial dan fisik, setidaknya sekali seumur hidup. Ia adalah salah satu dari Lima Rukun Islam.
    *   **Umrah:** Hukumnya `Sunnah Mu'akkadah` (sangat dianjurkan) menurut mayoritas ulama, atau `fardh` (wajib) menurut Mazhab Syafi'i.

2.  **Waktu Pelaksanaan:**
    *   **Haji:** Memiliki waktu khusus yang terbatas, yaitu pada bulan-bulan `Hajj` (Syawwal, Dzulqa'dah, dan Dzulhijjah), dengan puncak pelaksanaannya pada tanggal 8 hingga 12/13 `Dzulhijjah`.
    *   **Umrah:** Dapat dilaksanakan `kapan saja` sepanjang tahun, kecuali pada hari-hari `Haji` tertentu bagi jemaah yang ber-`Haji tamattu'` (karena Umrah mereka sudah termasuk bagian dari `Haji`).

3.  **Rukun dan Kewajiban:**
    *   **Haji:** Memiliki `rukun` dan `wajib` yang lebih banyak dan kompleks. Termasuk `ihram`, `thawaf ifadhah`, `sa'i`, `wuquf` di Arafat (rukun terpenting), `mabit` di Muzdalifah, `mabit` di Mina, `ramy` (melempar jumrah), dan `tahalul`.
    *   **Umrah:** Memiliki `rukun` yang lebih sedikit. Hanya terdiri dari `ihram` (dengan `niyyah`), `thawaf`, `sa'i`, dan `tahalul`.

4.  **Lokasi:**
    *   **Haji:** Melibatkan beberapa lokasi di sekitar Makkah, yaitu Makkah (`Ka'bah` untuk `thawaf` dan `sa'i`), Arafat (untuk `wuquf`), Muzdalifah (untuk `mabit`), dan Mina (untuk `mabit` dan `ramy`).
    *   **Umrah:** Hanya dilaksanakan di Makkah, khususnya di sekitar `Ka'bah` di `Masjid al-Haram` (untuk `thawaf` dan `sa'i`).

5.  **Durasi:**
    *   **Haji:** Membutuhkan waktu beberapa hari untuk pelaksanaan ritual intinya (biasanya 5-6 hari, dari 8 hingga 12/13 `Dzulhijjah`), dan keseluruhan perjalanan bisa memakan waktu berminggu-minggu.
    *   **Umrah:** Dapat diselesaikan dalam beberapa jam hingga satu hari.

6.  **Konsekuensi Meninggalkan Rukun/Wajib:**
    *   **Haji:** Meninggalkan salah satu `rukun` `Haji` dapat membatalkan `Haji` itu sendiri dan harus diulang di tahun berikutnya. Meninggalkan `wajib` `Haji` dapat diganti dengan `dam` (denda/sembelihan).
    *   **Umrah:** Meninggalkan salah satu `rukun` `Umrah` membatalkan `Umrah`. Meninggalkan `wajib` `Umrah` (seperti mencukur rambut) juga dapat diganti dengan `dam`."
jelaskan step by step cara booking flag kejada secara online,"Tentu, ini langkah-langkah untuk booking flight ke Jeddah (Kejada) secara online:

1.  **Pilih Platform Booking:** Buka website atau aplikasi Online Travel Agent (OTA) seperti Traveloka, Tiket.com, Agoda, Skyscanner, atau langsung ke website maskapai yang Anda inginkan (misalnya, Saudi Arabian Airlines, Emirates, Qatar Airways).
2.  **Cari Penerbangan:** Pada halaman utama, cari opsi ""Flights"" atau ""Penerbangan"".
3.  **Masukkan Detail Pencarian:**
    *   **Origin/Asal:** Masukkan kota keberangkatan Anda (contoh: Jakarta, Surabaya).
    *   **Destination/Tujuan:** Ketik ""Jeddah"" atau kode bandara ""JED"".
    *   **Dates/Tanggal:** Pilih tanggal keberangkatan dan kembali (jika pulang-pergi).
    *   **Passengers/Penumpang:** Tentukan jumlah penumpang (dewasa, anak-anak, bayi).
4.  **Cari & Pilih Flight:** Klik ""Search"" atau ""Cari"". Akan muncul daftar flight yang tersedia. Pilih flight yang paling sesuai dengan jadwal dan budget Anda.
5.  **Isi Data Penumpang:** Masukkan detail penumpang seperti nama lengkap (sesuai paspor), tanggal lahir, kewarganegaraan, dan nomor paspor. Pastikan semua data benar.
6.  **Pilih Opsi Tambahan:** Jika perlu, pilih tambahan seperti bagasi ekstra, pemilihan kursi, atau makanan khusus.
7.  **Review Booking:** Periksa kembali semua detail booking Anda: rute, tanggal, waktu, nama penumpang, dan harga total.
8.  **Lakukan Pembayaran:** Pilih metode pembayaran (kartu kredit/debit, transfer bank, e-wallet) dan selesaikan transaksi.
9.  **Konfirmasi Booking:** Setelah pembayaran berhasil, Anda akan menerima email konfirmasi dan e-ticket dari platform atau maskapai. Simpan e-ticket ini sebagai bukti booking Anda."
Aku butuh travel umrah simpel tapi inklud madina visit.,"Tentu, banyak pilihan paket Umrah simpel yang sudah inklus Madina visit tersedia."
Can you help aku arrange transport dari Jedah ke Madina Tomorou?,"Tentu, aku bisa bantu. Apa preferensimu? (Kereta cepat, mobil pribadi, atau bus?)"
"Ya ahri, uridu buk flag ilah jadah al-usbu al-qadim hal bisa bantu ajida Afdol skedul wari latan Mubashirah.","Tentu, saya bisa bantu uridu buk flight ilah Jeddah al-usbu al-qadim. Agar saya bisa cari Afḍal skedul dan Mu'bāsharrah, tolong berikan informasi ini:

*   Kota keberangkatan Anda?
*   Tanggal spesifik untuk al-usbu al-qadim?
*   Berapa jumlah penumpang?"
"Uridu Range Transport Minjedah ilah Madina, Eladan","Anda mencari transport dari Jeddah ke Madina, Eladan.

Pilihan Anda antara lain:
*   **Haramain High-Speed Railway (Kereta Cepat Haramain):** Cepat dan nyaman.
*   **Bus (SAPTCO):** Opsi yang lebih ekonomis.
*   **Private taxi/car:** Fleksibel, namun lebih mahal."
bagaimana proses bisa Saudi untuk umrah dari Indonesia sekarang,"Untuk Umrah dari Indonesia sekarang, Anda perlu:
1.  Mendaftar melalui Penyelenggara Perjalanan Ibadah Umrah (PPIU) resmi.
2.  Mendapatkan visa Umrah atau visa turis yang mengizinkan ibadah Umrah.
3.  Memenuhi persyaratan kesehatan, termasuk vaksin meningitis ACYW-135."
"Aku mau buk fly kejedah minggu depan, bisa bantu schedule.","Tentu, saya bisa bantu. Dari kota mana Anda akan berangkat, dan tanggal berapa tepatnya minggu depan?"
Aku butuh travel umroh simple tapi include Madina Visit.,"Tentu, Anda mencari paket Umroh yang simple with a Madina Visit.
Untuk berapa orang dan kapan rencana keberangkatannya?"
"Ya kri, urdu buk flyk ilajet dah al usbu al-qardim, hal bisa bantu Ajida Afdol skejul wari laten Mubashiroh?","Untuk bantu cari Afdol skejul dan wari laten Mubashiroh buat 'ilajet' dah al usbu al-qardim, bisa jelaskan 'urdu buk flyk' dan 'ilajet' itu apa? Butuh detail lebih ya kri, biar saya bisa bantu kamu."
Urdu Rage Transport Minjadah Ila Madinah Rodan,"Anda menyebutkan 'Urdu', 'Rage', 'Transport', frasa Arab 'Minjadah Ila Madinah', dan 'Rodan'."
Aku mahu boke flight ke jadah minggu depan. Bisa bantu schedule?,"Tentu, bisa saya bantu.

Mohon konfirmasi:
1.  **Destinasi:** Apakah maksudnya Jeddah (جدة)?
2.  **Kota keberangkatan** Anda dari mana?
3.  **Tanggal spesifik** minggu depan (misalnya, tanggal berapa)?"
"Aku butuh travel umroh, simple, tapi include magina visit.","Oke, Anda butuh paket Umroh yang simple dan termasuk kunjungan ke Madinah. Kami bisa bantu carikan opsinya."
Can you help aku arrange transport dari cedar ke Madina tomorrow?,"Tentu, aku bisa bantu. Untuk arrange transport dari Cedar ke Madina besok, aku butuh informasi lebih lanjut:

*   Jam berapa besok?
*   Berapa orang?
*   Lokasi persis di Cedar?
*   Jenis transport apa yang kamu inginkan (misal: taxi, private car)?"
"Ya Achi, Uri Dobuk Flag ilah jedah al-Uzbu al-Kadim. Hal bisa bantu aljidah Afdal schedule warih latan Mubashirah.","Tentu, saya bisa bantu.

Untuk membuat schedule Jeddah yang Afdal dan Mubashirah, mohon infokan:
*   Berapa **يوم** Anda akan berada di sana?
*   **ماذا** saja yang ingin Anda lakukan atau lihat di Jeddah?"
Uri du range transport minjet dah ilah Madina Gordon,"Range dari transport minjet itu bervariasi. Many transport minjets bisa terbang ke Madina, tergantung jenis pesawatnya."
Tolong buat checklist persiapan umrah termasuk parang wajib di bawah.,"Untuk persiapan Umrah, ini checklist-nya:

**Penting:** Mengenai 'parang wajib', harap diketahui bahwa **parang (machete) bukanlah barang yang diperlukan atau diizinkan untuk Umrah.** Barang wajib yang perlu disiapkan adalah perlengkapan ibadah dan dokumen penting.

**Checklist Persiapan Umrah:**

1.  **Dokumen Penting:**
    *   Passport (masih berlaku minimal 6 bulan)
    *   Visa Umrah
    *   KTP / Kartu Identitas
    *   Tiket pesawat (PP) & booking hotel
    *   Surat Mahram (bagi wanita di bawah 45 tahun tanpa pendamping suami/ayah)

2.  **Kesehatan:**
    *   Suntik meningitis & flu (sertifikat vaksinasi)
    *   Obat-obatan pribadi (dengan resep dokter jika perlu)
    *   Vitamin & suplemen
    *   Hand sanitizer, masker

3.  **Pakaian & Perlengkapan Ibadah:**
    *   Pakaian Ihram (2 set untuk pria)
    *   Mukena (untuk wanita)
    *   Pakaian longgar & nyaman (sesuai syariat)
    *   Sandal jepit atau sepatu yang nyaman (tidak menutupi mata kaki untuk pria dalam Ihram)
    *   Kaos kaki
    *   Tas kecil untuk membawa Al-Qur'an, tasbih, dan barang pribadi saat di Haram.
    *   Al-Qur'an kecil, tasbih, buku doa

4.  **Perlengkapan Pribadi:**
    *   Perlengkapan mandi (tanpa wewangian/unscented selama Ihram: sabun, sampo, pasta gigi)
    *   Handuk kecil
    *   Kacamata hitam, topi
    *   Charger, power bank, adaptor universal
    *   Botol minum

5.  **Keuangan:**
    *   Uang tunai (Riyal Arab Saudi)
    *   Kartu debit/kredit internasional

6.  **Lain-lain:**
    *   Koper & tas kabin
    *   Gembok koper
    *   Label nama pada koper
    *   Buku panduan Umrah

Semoga Allah memudahkan perjalanan dan ibadah Umrah Anda, Insya Allah."
Menurut kamu belajar bahasa Arab itu susah gak untuk pemula,"Susah itu relatif. *For beginners*, mungkin ada tantangan di *script* dan *pronunciation* beberapa hurufnya. Tapi, dengan niat dan konsistensi, *it's definitely learnable*."
Aku mau book flight ke Jeddah minggu depan. Bisa bantu schedule?,"Tentu, saya bisa bantu. Kapan tepatnya minggu depan Anda mau berangkat ke Jeddah, dan dari kota mana Anda akan terbang?"
Bagaimana proses pisah Saudi untuk umrah dari Indonesia sekarang?,"Proses ""pisah Saudi"" (divergensi dari grup atau itinerary standar) untuk Umrah dari Indonesia sangat bergantung pada jenis visa yang Anda gunakan:

1.  **Visa Turis (eVisa):**
    *   Ini adalah cara paling umum dan mudah untuk melakukan ""pisah Saudi"".
    *   Warga negara Indonesia bisa mendapatkan eVisa turis Saudi secara online, yang juga mengizinkan Anda untuk melaksanakan Umrah.
    *   Dengan visa ini, Anda memiliki fleksibilitas tinggi. Anda bisa bepergian secara mandiri atau bergabung dengan grup Umrah namun bebas untuk ""pisah"" dari itinerary grup kapan saja, asalkan visa Anda masih valid dan Anda mematuhi hukum Arab Saudi.
    *   Anda akan bertanggung jawab penuh atas akomodasi, transportasi, dan tiket kembali Anda setelah ""pisah"".

2.  **Visa Umrah Tradisional:**
    *   Visa ini biasanya terikat ketat dengan travel agent atau biro Umrah yang mengurusnya.
    *   ""Pisah"" dari grup dengan visa jenis ini sangat sulit, bahkan seringkali tidak diizinkan tanpa persetujuan khusus dari biro travel dan otoritas Saudi, karena biro travel bertanggung jawab atas Anda selama di sana.

Jadi, proses ""pisah Saudi"" paling lancar jika Anda menggunakan **Visa Turis (eVisa)** dari awal."
Menurut kamu belajar bahasa harap itu susah ga untuk pemula?,"Belajar bahasa Arab untuk pemula memang ada tantantangannya, seperti sistem penulisan dan struktur kalimatnya yang berbeda. Tapi, dengan metode yang tepat, konsistensi, dan kesabaran, pasti bisa dikuasai kok. Banyak sumber daya yang bisa membantu!"
Aku butuh travel umrah simple tapi include Madina visit.,"Baik, Anda mencari paket umrah yang sederhana dan sudah termasuk kunjungan ke Madinah. Banyak agen travel menawarkan paket ""Umrah Plus Madinah""."
"Ya Aki, urdu buk flag ilajet dah al usb al qadim. Hal bisa bantu Ajida Afdal schedule warih latam mubas sirah?","Tentu, untuk schedule live mubas sirah Ajida Afdal al usb al qadim, saya butuh informasi lebih lanjut. Tanggal dan waktu apa yang preferred untuk broadcast tersebut?"
Uridu Arrange Transport Minjad Dah Ilah Madina Wadan,"Baik. Untuk arrange transport Minjad Ilah Madina, kapan tanggal dan jamnya? Berapa orang?"
Aku butuh trafel umrah simpel tapi inklud Marina Visit.,"Baik, untuk trafel umrah simpel *dengan* Marina Visit, pastikan paket yang Anda pilih secara eksplisit mencantumkan ""Marina Visit"" dalam itinerarinya. Biasanya ini akan jadi salah satu opsi tambahan atau termasuk dalam paket premium tertentu."
Can you help aku arrange transport dari Jodah ke Madinah tomorrow?,"Tentu, I can help you with that."
"Ya Aki, Uri du buk flag ilah jadah al-Usbual Al-Qadim. Hal bisa bantu adi daftar skedul wari helatan Mubashirah.","Tentu, saya bisa bantu Anda daftar skedul helatan Mubashirah ilah jadah al-Usbual Al-Qadim. Kapan detail waktu dan acara yang Anda inginkan?"
Uridu Arrange Transport Minjeda ilam Madina Gaudan,"Okay, Anda ingin Arrange Transport من جدة إلى المدينة غداً. Pukul berapa Anda ingin berangkat?"
Bookfly kejudah lalu lanjut ke Madina. Schedul terbaik kapan?,"Untuk jadwal terbaik dari **Bookfly** ke Jeddah lalu lanjut ke Madina, Anda perlu mempertimbangkan beberapa hal:

1.  **Dari Bookfly ke Jeddah:**
    *   Mohon pastikan nama kota keberangkatan Anda (Bookfly) sudah benar, karena ini bukan nama bandara/kota umum.
    *   Cari penerbangan langsung atau dengan transit paling sedikit untuk kenyamanan.
    *   **Waktu terbaik:** Pesan jauh-jauh hari (beberapa bulan sebelumnya) untuk mendapatkan harga terbaik.

2.  **Dari Jeddah ke Madina:**
    *   Pilihan terbaik dan tercepat adalah menggunakan **Kereta Cepat Haramain (Haramain High-Speed Railway)** dari Stasiun King Abdullah Economic City (KAEC) atau Stasiun Bandara Jeddah (King Abdulaziz International Airport - KAIA) langsung ke Madina. Perjalanan sekitar 2-3 jam.
    *   Atau, bisa juga dengan penerbangan domestik dari Jeddah ke Madina, atau bus.

**Schedul terbaik secara umum:**
*   **Musim:** Hindari musim panas ekstrem (Juni-Agustus) jika tidak tahan panas. Bulan-bulan di luar musim haji dan puncak umrah (terutama Ramadhan) biasanya lebih nyaman dan tidak terlalu ramai/mahal.
*   **Waktu pemesanan:** Selalu lebih baik memesan tiket pesawat dan kereta jauh hari sebelumnya.

Silakan tentukan tanggal spesifik Anda untuk pencarian jadwal yang lebih akurat."
How to prepare dokumen umbroh dari Indonesia dengan benar,ERROR_GEMINI
"Aku mau book flag kejada minggu depan, bisa bantu schedule?","Tentu, saya bisa bantu. Untuk booking flight ke Jeddah (جدة) minggu depan, mohon berikan detail tanggal spesifik, kota keberangkatan, dan jumlah penumpang."
Can you help aku renc transport dari Jeddah ke Madina tomorrow?,"Tentu, ini beberapa pilihan transport dari Jeddah ke Madinah:

1.  **Kereta Cepat Haramain (HHR)**: Ini opsi tercepat dan paling nyaman. Kamu bisa cek jadwal dan pesan tiket online. Stasiun di Jeddah adalah King Abdullah Economic City (KAEC) atau Bandara Jeddah (King Abdulaziz International Airport - KAIA).
2.  **Bus**: Ada layanan bus reguler seperti SAPTCO. Ini lebih murah tapi waktu tempuh lebih lama.
3.  **Taxi/Private Car**: Bisa diatur, baik melalui aplikasi atau penyedia layanan lokal. Ini fleksibel tapi paling mahal.

Pastikan kamu pesan tiket secepatnya untuk besok."
"Ya Aki, Uridu Buk Flag Ilah Jeddah al-Uzbu Al-Kadim. Hal bisa bantu Ajida Afdal schedule warih latan Mubashirah.","Tentu, untuk bantu Ajida Afdal schedule dan latan Mubashirah Ilah Jeddah al-Uzbu Al-Kadim, **dari kota mana** Anda akan Flag?"
Urdu Rains Transport Minjita Ilam Madinah Gadan,"Diterima: Urdu, Rains, Transport, Minjita, Ilam, Madinah, Gadan."
"Book flight kejada lalu lanjar ke Manina, schedule terbaik kapan?","Schedule terbaik dari Jeddah ke Manila itu tergantung pada preferensi Anda. Untuk menemukannya, Anda bisa:

1.  **Cek flight comparison websites** (misalnya Skyscanner, Google Flights, Kayak) untuk membandingkan harga dan durasi.
2.  **Pertimbangkan factors** seperti harga, jam keberangkatan/kedatangan, durasi total, dan jumlah layover.
3.  **Langsung ke website airlines** yang melayani rute tersebut (misalnya Saudia, Philippine Airlines, Emirates, Qatar Airways) untuk melihat opsi mereka.
4.  **Fleksibilitas tanggal** bisa membantu Anda menemukan harga yang lebih baik."
Nurut kamu belajar bahasa Arab itu susah nggak untuk umum lah.,"Banyak yang menganggapnya susah, terutama karena tata bahasa dan sistem penulisannya yang berbeda. Tapi, dengan niat dan metode belajar yang tepat, pasti bisa dikuasai."
"Translate ke English, aku mau pergi ke Mekah yang berdepan",I want to go to the upcoming Mekah.
Aku mau book flight ke Jedah yang kedepan. Bisa bantu schedule.,"Tentu, untuk membantu schedule flight ke Jedah yang kedepan, aku butuh beberapa informasi lebih lanjut:

1.  Dari kota mana kamu akan berangkat?
2.  Tanggal keberangkatan yang diinginkan (atau range tanggal)?
3.  Apakah ini one-way atau ada tanggal pulang?
4.  Berapa jumlah penumpang?"
"Aku butuh travel umrah simple, tapi inklud madina visit.","Oke, paket Umrah simple yang sudah termasuk kunjungan ke Madinah tersedia. Biasanya sudah termasuk tiket pesawat, akomodasi di Makkah dan Madinah, transportasi, dan visa Umrah."
"Ya akhir, urdu buk flag ilah jadah al-Ushbu al-Qidam Al-Bisa bantu Ajida Afdal schedule Warihalatan Mubashirah","Tentu, saya bisa bantu cari Afdal schedule Warihalatan Mubashirah ke Jeddah al-Ushbu al-Qidam.

Untuk itu, dari kota mana Anda akan berangkat dan apakah ada tanggal spesifik dalam al-Ushbu al-Qidam?"
Uridu orange transport minjidah ilah Madina Gadan,"Baik, untuk transport min Jeddah ila Madina Gadan, kamu bisa menggunakan:

*   **Haramain High-Speed Railway (SRO)**
*   **Bus SAPTCO**
*   **Private taxi/ride-sharing apps** (seperti Uber atau Careem)"
"Book flag kejada, lanjut ke Madina, schedule terbaik kapan?","Untuk perjalanan dari Jeddah (kejada) ke Madina, pilihan terbaik dan tercepat adalah **Kereta Cepat Haramain (Haramain High-Speed Railway)**.

Untuk schedule terbaik:
1.  **Cek jadwal real-time** di website resmi Haramain High-Speed Railway karena jadwal bisa berubah.
2.  Kereta ini sangat efisien, dengan banyak keberangkatan sepanjang hari.

Alternatif lain adalah menggunakan bus atau taksi, namun waktu tempuh akan lebih lama."
Apa perbedaan Umroh dan Hajj secara detail dalam Islam?,"Berikut perbedaan detail antara Umroh dan Hajj:

1.  **Hukum (Obligation):**
    *   **Hajj:** Wajib (Fardh) bagi Muslim yang mampu secara fisik dan finansial. Ini adalah salah satu dari Lima Rukun Islam.
    *   **Umroh:** Sunnah Muakkadah (sangat dianjurkan) menurut mayoritas ulama, meskipun sebagian ulama menganggapnya wajib (Fardh).

2.  **Waktu Pelaksanaan (Time):**
    *   **Hajj:** Dilakukan pada waktu tertentu dalam setahun, yaitu pada bulan-bulan Syawal, Dzulqa'dah, dan Dzulhijjah, dengan puncak ritual dari tanggal 8 hingga 12/13 Dzulhijjah.
    *   **Umroh:** Dapat dilakukan kapan saja sepanjang tahun, kecuali pada waktu-waktu yang sedang berlangsungnya ibadah Hajj (untuk menghindari bentrok dan fokus pada Hajj).

3.  **Rukun (Pillars):**
    *   **Hajj:**
        *   Ihram (niat memulai ibadah)
        *   Wuquf di Arafah (berdiam diri di padang Arafah pada 9 Dzulhijjah) - Ini adalah rukun terpenting dan pembeda utama.
        *   Tawaf Ifadah (mengelilingi Ka'bah 7 kali)
        *   Sa'i (berlari kecil antara Safa dan Marwah 7 kali)
        *   Tahallul (mencukur atau memendekkan rambut)
    *   **Umroh:**
        *   Ihram
        *   Tawaf (mengelilingi Ka'bah 7 kali)
        *   Sa'i (berlari kecil antara Safa dan Marwah 7 kali)
        *   Tahallul

4.  **Manasik (Rituals):**
    *   **Hajj:** Memiliki ritual yang lebih banyak dan kompleks, meliputi: Wuquf di Arafah, Mabit (bermalam) di Muzdalifah, melontar Jumrah, Mabit di Mina, Tawaf Wada' (perpisahan), dan lain-lain.
    *   **Umroh:** Ritualnya lebih sederhana dan lebih sedikit, hanya meliputi Ihram, Tawaf, Sa'i, dan Tahallul.

5.  **Durasi (Duration):**
    *   **Hajj:** Prosesi utamanya memakan waktu sekitar 5-6 hari (dari 8 hingga 12/13 Dzulhijjah), namun total waktu perjalanan bisa berminggu-minggu.
    *   **Umroh:** Dapat diselesaikan dalam beberapa jam saja."
Rapat fasting di Ramadan itu wajib bagi muslim.,"Puasa di bulan Ramadan memang wajib bagi muslim, namun rapat fasting bukanlah kewajiban agama."
atau to prepare dokumen umrah dari Indonesia dengan benar.,"Untuk mempersiapkan dokumen Umrah dari Indonesia, berikut adalah beberapa dokumen utama yang perlu Anda siapkan:

1.  **Paspor asli**: Masa berlaku minimal 6 bulan dari tanggal keberangkatan, dengan minimal 2-3 halaman kosong.
2.  **Visa Umrah**: Diurus melalui biro perjalanan berizin.
3.  **Tiket pesawat**: Pergi-pulang.
4.  **Bukti akomodasi**: Konfirmasi hotel di Makkah dan Madinah.
5.  **Surat rekomendasi/izin**: Dari Kantor Kementerian Agama (Kemenag) atau biro travel.
6.  **Kartu kuning vaksin meningitis**: Wajib.
7.  **Pas foto**: Ukuran 4x6 dengan latar belakang putih, tampak wajah 80%, berjilbab bagi wanita.
8.  **Buku nikah asli**: Bagi suami istri.
9.  **Kartu keluarga asli**.
10. **Akta kelahiran asli**: Untuk anak-anak."
Aku mau book fly kejada minggu depan. Bisa bantu schedule?,"Tentu, saya bisa bantu. Untuk schedule fly ke Jeddah minggu depan, mohon beritahu tanggal spesifik keberangkatanmu dan preferensi waktu (pagi/siang/malam)."
Aku butuh travel umrah simple tapi include Madhuna Visik.,"Tentu, banyak travel agent menawarkan paket Umrah simple yang sudah include Madinah visit."
bisa bantu aku menghargai transport dari Jedah ke Madina esok?,"Tentu, ini beberapa opsi transportasi dari Jeddah ke Madinah yang bisa kamu pertimbangkan:

1.  **Haramain High-Speed Railway (Kereta Cepat Haramain):**
    *   Ini adalah pilihan tercepat dan paling nyaman.
    *   **Waktu tempuh:** Sekitar 2 jam.
    *   **Harga:** Bervariasi tergantung kelas (Economy atau Business).
    *   **Cara booking:** Bisa online melalui website mereka atau langsung di stasiun.

2.  **Bus:**
    *   Opsi yang lebih ekonomis.
    *   **Waktu tempuh:** Sekitar 4-5 jam.
    *   **Perusahaan:** SAPTCO (Saudi Public Transport Company) adalah yang paling umum.
    *   **Cara booking:** Di terminal bus atau website perusahaan.

3.  **Private Taxi/Mobil Sewa:**
    *   Pilihan paling fleksibel tapi paling mahal.
    *   **Waktu tempuh:** Sekitar 4-5 jam (tergantung lalu lintas).
    *   **Cara booking:** Bisa melalui hotel, aplikasi seperti Uber/Careem (untuk antar kota), atau mencari driver di sekitar stasiun/airport.

Untuk perjalanan besok, disarankan untuk segera melakukan booking, terutama untuk Kereta Cepat Haramain, karena tiket bisa cepat habis."
"Ya Aki, urdu book flight ilah jeddah al-Uzbu al-Kodim. Hal bisa bantu Ajida Afdal schedule warih latar Mubash Hiroh.","Tentu, Akhi. Untuk bantu Ajida Afdal schedule penerbangan ke Jeddah al-Uzbu al-Kodim dan latar Mubash Hiroh, saya butuh informasi ini:

1.  Anda akan berangkat dari kota mana?
2.  Apakah ada tanggal spesifik di al-Uzbu al-Kodim yang Anda inginkan?"
Uridu Range Transport Minjedah ilama Dina Gwadan,Anda mencari transportasi jarak jauh dari Jeddah ke Ad Dammam.
jelaskan step by step cara booking flight ke Jeddah secara online,"Berikut step-by-step cara booking flight ke Jeddah secara online:

1.  **Pilih Platform:** Buka website maskapai (misal: Saudia, Emirates, Qatar Airways) atau Online Travel Agency (OTA) seperti Traveloka, Agoda, Skyscanner, atau Expedia.
2.  **Masukkan Detail Pencarian:**
    *   **Departure City:** Kota keberangkatan Anda.
    *   **Arrival City:** Jeddah (JED).
    *   **Dates:** Pilih tanggal keberangkatan (dan kepulangan jika round trip).
    *   **Passengers:** Tentukan jumlah penumpang (dewasa, anak-anak, bayi).
    *   Pilih ""Cari Penerbangan"" atau ""Search Flights"".
3.  **Pilih Penerbangan:** Telusuri hasil pencarian. Bandingkan harga, waktu keberangkatan/kedatangan, durasi penerbangan, dan maskapai. Pilih flight yang sesuai.
4.  **Review Detail Penerbangan:** Pastikan tanggal, waktu, maskapai, dan harga sudah benar sebelum melanjutkan.
5.  **Isi Data Penumpang:**
    *   Masukkan nama lengkap (sesuai passport), tanggal lahir, kewarganegaraan.
    *   Isi detail passport (nomor passport, tanggal terbit, tanggal kadaluarsa). Ini krusial untuk international flights.
    *   Masukkan contact information (email dan nomor telepon).
6.  **Pilih Add-ons (Opsional):** Anda bisa menambahkan bagasi, memilih kursi, atau memesan makanan jika diperlukan.
7.  **Pilih Metode Pembayaran:** Pilih cara pembayaran yang Anda inginkan (misal: kartu kredit/debit, bank transfer, e-wallet).
8.  **Lakukan Pembayaran:** Ikuti instruksi pembayaran hingga selesai.
9.  **Konfirmasi:** Setelah pembayaran berhasil, Anda akan menerima e-ticket atau booking confirmation melalui email. Simpan baik-baik."
How to prepare Dokumen Umrah dari Indonesia dengan benar?,"Untuk Dokumen Umrah dari Indonesia, yang perlu Anda siapkan adalah:

1.  **Paspor asli**: Dengan masa berlaku minimal 6 bulan dari tanggal keberangkatan.
2.  **Kartu Keluarga (KK)** asli atau fotokopi yang dilegalisir.
3.  **Buku Nikah asli**: Untuk suami-istri yang berangkat bersama.
4.  **Akta Kelahiran asli**: Untuk anak di bawah 17 tahun.
5.  **Foto berwarna**: Ukuran 4x6 (2 lembar) dan 3x4 (2 lembar), latar belakang putih, fokus wajah 80%, tidak memakai kacamata, kerudung warna selain putih untuk wanita.
6.  **Sertifikat Vaksin Meningitis ACYW-135**: Dan vaksin lainnya sesuai regulasi Saudi Arabia dan Indonesia saat itu.
7.  **Surat Mahram**: Jika diperlukan (misal: wanita di bawah 45 tahun tanpa mahram)."
aku mau book flight kecedah minggu depan bisa bantu schedule,"Bisa. Untuk ke Kedah (asumsi 'kecedah' adalah Kedah) minggu depan, tanggal berapa tepatnya?"
Aku butuh travel umrah simpel tapi inkut Medina Visit,Kamu mencari paket **Umrah** yang simpel dan sudah termasuk ziarah ke **Madinah**. Banyak travel agent menyediakan opsi ini.
Can you help aku arrange transport dari Jeddah ke Madinah tomorrow?,"Tentu, aku bisa bantu. Untuk besok, ada preferensi waktu keberangkatan atau jenis transportasi?"
Explan step by step cara apply pisah Saudi dengan benar,"Berikut langkah-langkah umum untuk mengajukan perceraian (**talaq** atau **khulu'**) di Arab Saudi:

**Langkah 1: Pengajuan Permohonan**
*   Ajukan permohonan cerai ke **Mahkamah Al-Ahwal Al-Shakhsiyyah** (Pengadilan Keluarga) di wilayah Anda.
*   Lengkapi dokumen seperti KTP/Iqama, Akta Nikah, dan berikan detail alasan permohonan.

**Langkah 2: Sesi Islah/Mediasi**
*   Pengadilan akan menjadwalkan sesi **Islah** (rekonsiliasi) melalui komite konsiliasi. Kedua belah pihak akan diminta hadir untuk mencoba penyelesaian damai. Ini adalah langkah wajib di Saudi Arabia.

**Langkah 3: Persidangan**
*   Jika **Islah** tidak berhasil, kasus akan dilanjutkan ke persidangan.
*   Hakim akan mendengarkan keterangan dari suami dan istri, meninjau bukti-bukti, dan saksi jika diperlukan.

**Langkah 4: Putusan Pengadilan**
*   Setelah pemeriksaan, hakim akan mengeluarkan **hukm** (putusan) perceraian.
*   Putusan ini akan mencakup detail mengenai **nafkah iddah** (alimony during waiting period), **mut'ah** (compensatory gift), **hadhanah** (hak asuh anak), dan hak-hak lain sesuai **syariat**.

**Langkah 5: Pencatatan**
*   Setelah **hukm** final, perceraian akan dicatat secara resmi di lembaga terkait untuk mendapatkan **Sijil Talaq** (Sertifikat Cerai).

**Saran Tambahan**:
*   Sangat disarankan untuk mencari bantuan **muhami** (pengacara) yang memiliki spesialisasi hukum keluarga Saudi untuk membimbing Anda melalui proses ini."
"Ya akhirnya, Uridu Book Flight Ila Jadah al-Usbun al-Qadim Hal bisa bantu Ajida Afda schedule Warihalatan Mubashiroh","Tentu, saya bisa bantu Anda menemukan jadwal dan Warihalatan Mubashiroh ke Jadah untuk al-Usbun al-Qadim.

Dari kota mana Anda akan berangkat?"
Uredu Orange Transport Mencet dah ilama dinah kawadan,Anda 'uredu' Orange Transport. Apakah Anda ingin 'mencet' untuk memesan atau ingin bertanya sesuatu? Mohon jelaskan 'ilama' apa yang Anda maksud dengan 'dinah kawadan'.
Bookslide kejuda lalu lanjut ke Madina. Schedul terbaik kapan?,"Untuk jadwal terbaik dari Bookslide ke Madina setelah ""kejuda,"" saya butuh informasi lebih lanjut:

1.  **Tanggal dan waktu** kejadian di Bookslide.
2.  **Moda transportasi** yang Anda inginkan (misalnya, pesawat, bus, atau kereta).
3.  **Lokasi spesifik** ""Bookslide"" itu di mana.

Dengan detail ini, saya bisa membantu mencarikan jadwal yang paling efisien untuk Anda ke Madina."
jelaskan step by step cara booking of flight ke Jeddah secara online,"Tentu, ini step-by-step cara booking flight ke Jeddah secara online:

1.  **Pilih Platform:** Kunjungi website atau aplikasi Online Travel Agent (OTA) seperti Traveloka, Tiket.com, atau langsung website maskapai (contoh: Saudia, Emirates).
2.  **Cari Penerbangan:** Masukkan detail pencarian:
    *   **Kota Asal:** Contoh: Jakarta (CGK)
    *   **Tujuan:** Jeddah (JED)
    *   **Tanggal Keberangkatan:**
    *   **Tanggal Kembali:** (jika pulang-pergi)
    *   **Jumlah Penumpang:**
    *   Klik ""Cari"".
3.  **Pilih Penerbangan:** Bandingkan opsi yang muncul (harga, waktu, maskapai, jumlah transit). Pilih penerbangan yang sesuai kebutuhanmu.
4.  **Isi Detail Penumpang:** Masukkan informasi lengkap sesuai paspor (nama lengkap, tanggal lahir, nomor paspor, tanggal kedaluwarsa paspor). Penting untuk penerbangan internasional.
5.  **Pilih Tambahan (Opsional):** Jika perlu, tambahkan bagasi ekstra, pilih kursi, atau asuransi perjalanan (biasanya ada biaya tambahan).
6.  **Review Pesanan:** Periksa kembali semua detail pemesanan (tanggal, waktu, maskapai, nama penumpang, harga total) sebelum pembayaran.
7.  **Lakukan Pembayaran:** Pilih metode pembayaran (kartu kredit/debit, transfer bank, e-wallet, dll.) dan selesaikan transaksi.
8.  **Terima E-tiket:** Setelah pembayaran berhasil, kamu akan menerima konfirmasi dan e-tiket melalui email. Simpan baik-baik."
tolong buat checklist persiapan umbrah termasuk barang wajib di bawah,"Tentu, ini checklist persiapan Umrah, termasuk barang wajib:

**Barang Wajib Mutlak:**

1.  **Dokumen Penting:** Paspor, Visa Umrah, Tiket Pesawat PP, Kartu Vaksin (Meningitis & lainnya sesuai syarat).
2.  **Pakaian Ihram:** Minimal 2 set (bagi pria).
3.  **Pakaian Syar'i Lengkap:** Abaya/gamis dan khimar/hijab (bagi wanita, untuk menutup aurat sempurna selama ibadah).
4.  **Obat-obatan Pribadi:** Jika ada riwayat penyakit atau kondisi khusus.
5.  **Uang Tunai:** Minimal untuk kebutuhan darurat atau transaksi kecil (Riyal Saudi).
6.  **Gunting Kecil:** Untuk Tahallul (memotong rambut).

---

**Checklist Persiapan Umrah Lengkap:**

**I. Dokumen Penting (Wajib):**
*   Paspor asli dan fotokopi
*   Visa Umrah asli dan fotokopi
*   Tiket pesawat PP
*   Kartu Identitas (KTP/SIM) asli dan fotokopi
*   Kartu Vaksin Meningitis (dan vaksin lain yang disyaratkan)
*   Surat Mahram (bagi wanita yang bepergian tanpa mahram sesuai ketentuan)
*   Surat nikah (bagi suami istri, jika diperlukan)
*   Itinerary perjalanan dan daftar kontak penting (agen travel, keluarga)

**II. Pakaian & Perlengkapan Pribadi:**
*   **Pakaian Ihram (2 set) - Wajib bagi pria**
*   Pakaian harian yang nyaman dan sopan (untuk wanita, pastikan menutup aurat sempurna seperti gamis/abaya dan khimar/hijab)
*   Pakaian dalam secukupnya
*   Kaos kaki (beberapa pasang)
*   Sandal atau sepatu yang nyaman dan mudah dilepas (untuk Tawaf & Sa'i)
*   Jaket/sweater (untuk suhu dingin di pesawat/AC)
*   Topi atau payung lipat (melindungi dari panas)
*   Kain sarung atau celana panjang (untuk pria saat tidak ihram)
*   Piyama/baju tidur

**III. Kesehatan & Kebersihan Diri:**
*   **Obat-obatan pribadi sesuai resep dokter (jika ada kondisi kesehatan khusus) - Wajib jika perlu**
*   Obat-obatan umum (parasetamol, obat flu, obat maag, plester, minyak angin, dll.)
*   Hand sanitizer
*   Sabun mandi, shampo, pasta gigi, sikat gigi (pastikan tanpa wangi untuk saat ihram)
*   Sisir
*   Pelembab bibir/kulit (non-parfum saat ihram)
*   Sunscreen
*   Tisu basah dan kering
*   **Gunting kecil (untuk Tahallul) - Wajib**

**IV. Keuangan:**
*   **Uang tunai (Riyal Saudi, Dolar AS untuk cadangan) - Wajib**
*   Kartu Debit/Kredit (pastikan sudah diaktifkan untuk transaksi internasional)
*   Dompet kecil anti-copet
*   Tas pinggang/leher untuk menyimpan uang dan dokumen

**V. Lain-lain:**
*   Tas kecil/selempang untuk membawa barang penting saat ibadah (HP, dompet kecil, air minum)
*   Tas ransel kecil untuk perjalanan harian
*   Kantong plastik (serbaguna, untuk sandal saat masuk masjid, dll.)
*   Charger HP, power bank, adaptor universal
*   Kacamata hitam
*   Masker wajah
*   Buku doa dan Al-Qur'an saku
*   Tasbih
*   Gembok kecil untuk koper
*   Botol minum isi ulang
*   Alas kaki untuk di dalam kamar hotel (sandal jepit)
*   Penutup telinga/mata untuk tidur di pesawat/bus"
aku mau book flight kecederan minggu depan bisa bantu schedule?,"Bisa, tapi ""Cederan"" itu nama tempat yang mana ya? Mohon klarifikasi destinasi Anda."
Apa perbedaan umrah dan haj secara detail dalam Islam?,"Berikut adalah perbedaan utama antara Umrah dan Hajj dalam Islam:

1.  **Hukum/Status:**
    *   **Hajj:** Rukun Islam kelima, wajib bagi Muslim yang mampu (secara finansial dan fisik) sekali seumur hidup.
    *   **Umrah:** Sunnah muakkadah atau wajib bagi sebagian ulama, sangat dianjurkan.

2.  **Waktu Pelaksanaan:**
    *   **Hajj:** Hanya bisa dilaksanakan pada waktu tertentu dalam setahun, yaitu pada bulan Dzulhijjah (puncak ritualnya dari 8 hingga 12/13 Dzulhijjah).
    *   **Umrah:** Dapat dilaksanakan kapan saja sepanjang tahun, kecuali pada hari-hari Hajj bagi jamaah yang sedang ber-Hajj.

3.  **Rukun dan Kewajiban:**
    *   **Hajj:** Meliputi rukun-rukun Umrah ditambah ritual spesifik Hajj seperti Wukuf di Arafah (rukun Hajj yang paling utama), Mabit di Muzdalifah, melontar jumrah, Mabit di Mina, Tawaf Ifadah, dan Tawaf Wada'.
    *   **Umrah:** Terdiri dari Ihram, Tawaf, Sa'i, dan Tahallul (mencukur atau memotong rambut).

4.  **Durasi:**
    *   **Hajj:** Membutuhkan waktu beberapa hari (minimal 5-6 hari untuk pelaksanaan puncaknya, total perjalanan bisa berminggu-minggu).
    *   **Umrah:** Umumnya dapat diselesaikan dalam beberapa jam.

5.  **Pentingnya:**
    *   **Hajj:** Tidak menunaikannya saat mampu adalah dosa besar.
    *   **Umrah:** Tidak menunaikannya bukanlah dosa, tetapi kehilangan pahala yang besar."
jelaskan step by step cara booking flight kejetjah secara online,"Tentu, berikut langkah-langkah booking flight kejetjah secara online:

1.  **Pilih Platform:** Kunjungi website maskapai (misal: Garuda Indonesia, AirAsia) atau Online Travel Agent (OTA) seperti Traveloka, Tiket.com, Agoda.
2.  **Masukkan Detail Penerbangan:** Masukkan kota asal, kota tujuan (kejetjah), tanggal keberangkatan, dan tanggal pulang (jika pulang-pergi), serta jumlah penumpang.
3.  **Cari Penerbangan:** Klik tombol 'Cari' atau 'Search' untuk melihat opsi penerbangan yang tersedia.
4.  **Pilih Penerbangan:** Pilih jadwal dan harga penerbangan yang paling sesuai untuk Anda.
5.  **Isi Data Penumpang:** Masukkan nama lengkap, tanggal lahir, dan detail kontak penumpang sesuai dengan identitas (KTP/paspor).
6.  **Pilih Layanan Tambahan (Opsional):** Anda bisa memilih bagasi, kursi, atau makanan jika diperlukan (ada biaya tambahan).
7.  **Review Pesanan:** Periksa kembali semua detail penerbangan dan data penumpang Anda. Pastikan tidak ada kesalahan.
8.  **Lakukan Pembayaran:** Pilih metode pembayaran (kartu kredit, transfer bank, e-wallet, dll.) dan selesaikan transaksi.
9.  **Terima Konfirmasi:** Setelah pembayaran berhasil, Anda akan menerima email konfirmasi booking dan e-ticket dari platform yang Anda gunakan. Simpan e-ticket ini untuk check-in."
Aku butuh travel om raw simpel tapi inklud madina visit,"Oke, Omrah yang simpel, inklusif, dan ada Madina visit. Bisa saya bantu carikan opsinya."
Bisa bantu aku menghargai transport dari Jadid Dakembandina setelah esok?,"Untuk memperkirakan biaya transport dari Jadid Dakembandina setelah esok, saya butuh informasi berikut:

1.  **Tujuan perjalanan Anda ke mana?**
2.  **Jenis transportasi apa yang Anda inginkan** (misalnya: bus, taksi, ojek online, travel, kereta api, dll.)**?**"
"Ya, akhirnya, beri dubuk flight ilah cedda al usbo al kadim. Hal bisa bantu ajida after schedule warih latan Mubashiroh?","Tentu, saya bisa bantu Anda ajida flight ilah Jeddah untuk al usbo al kadim.

Untuk 'after schedule warih latan Mubashiroh', apakah Anda mencari flight Mubashiroh saja, atau ada preferensi waktu seperti flight larut malam?"
"Urdu Range Transport, mintitga ilmar Dina Kodan",Saya tidak dapat memahami input Anda. Mohon berikan pertanyaan yang jelas.
"Book flight ke jada, lalu lanjut ke Madina. Schedule terbaik kapan?","Untuk menemukan schedule terbaik flight ke Jeddah (JED) lalu lanjut ke Madinah (MED), saya butuh tanggal keberangkatan Anda.

Dari Jeddah, Anda bisa melanjutkan ke Madinah dengan domestic flight atau menggunakan kereta cepat Haramain. Mohon informasikan tanggalnya agar saya bisa bantu cari opsi."
"Mereka mahu bukti fly ke jadah minggu depan, bisa bantu schedule.","Baik, saya bisa bantu untuk schedule bukti fly minggu depan. Kapan tanggal dan waktu yang diinginkan?"
jelaskan step by step cara booking flight ke jendah secara online,"Tentu, ini langkah-langkah booking flight ke Jeddah secara online:

1.  **Pilih Platform Booking:** Kunjungi website atau buka aplikasi booking tiket pesawat (misalnya: Traveloka, tiket.com, Skyscanner, atau website maskapai langsung seperti Saudia, Garuda Indonesia, dsb.).
2.  **Masukkan Detail Penerbangan:**
    *   Pilih 'One Way' atau 'Round Trip'.
    *   **Departure City/Kota Asal:** Masukkan kota keberangkatan Anda (misal: Jakarta, Surabaya, Kuala Lumpur).
    *   **Arrival City/Kota Tujuan:** Masukkan **Jeddah (JED)**.
    *   **Departure Date/Tanggal Keberangkatan:** Pilih tanggal.
    *   **Return Date/Tanggal Kembali:** Pilih tanggal (jika 'Round Trip').
    *   **Passengers/Penumpang:** Tentukan jumlah dewasa, anak-anak, atau bayi.
    *   **Cabin Class/Kelas Kabin:** Pilih kelas (Ekonomi, Bisnis, dsb.).
3.  **Cari Penerbangan:** Klik tombol ""Search"" atau ""Cari Penerbangan"".
4.  **Pilih Penerbangan:**
    *   Gunakan filter (maskapai, waktu, harga, transit) untuk menemukan penerbangan yang paling sesuai.
    *   Pilih penerbangan yang Anda inginkan.
5.  **Isi Data Penumpang:**
    *   Masukkan detail lengkap setiap penumpang (nama sesuai paspor, tanggal lahir, kebangsaan, nomor paspor jika diminta). Pastikan semua informasi akurat.
    *   Masukkan kontak (email dan nomor telepon) yang valid.
6.  **Pilih Opsi Tambahan (Opsional):** Jika tersedia, Anda bisa memilih bagasi tambahan, kursi, makanan, atau asuransi perjalanan.
7.  **Review Pesanan:** Periksa kembali semua detail penerbangan (tanggal, waktu, nama penumpang, harga total) sebelum melanjutkan.
8.  **Lakukan Pembayaran:** Pilih metode pembayaran (kartu kredit/debit, transfer bank, e-wallet, dsb.) dan selesaikan pembayaran.
9.  **Terima Konfirmasi:** Setelah pembayaran berhasil, Anda akan menerima e-ticket atau itinerary melalui email yang Anda daftarkan. Simpan e-ticket ini sebagai bukti.

**Tips:** Cek persyaratan visa ke **Saudi Arabia** untuk tujuan Anda (umrah, haji, turis, atau lainnya) sebelum booking."
"Ya Ake, Uridu Book Flight Ila Jeddah al-Uzbu al-Qadim. Hal bisa bantu Ajida Afdal schedule warih latan Mubashirah.","Tentu, Ya Ake. Saya akan bantu Ajida Afdal schedule dan rih latan Mubashirah Ila Jeddah al-Uzbu al-Qadim."
Uri dueran transport menjendah ilama dinah wadan.,Pernyataan Anda mengenai Uri dueran transport yang menjendah ilama dinah wadan sudah dipahami.
Urdu schedule trip mean jeddah ilam makah bukro sabah,"Ini adalah tentang jadwal trip dari Jeddah ila Makkah. Ada referensi untuk bukra sabah, dan juga kata Urdu."
bagaimana proses via Saudi untuk umrah dari Indonesia sekarang?,"Saat ini, proses visa Umrah dari Indonesia via Saudi Arabia bisa melalui beberapa cara:

1.  **Visa Umrah Langsung**: Diajukan melalui travel agent resmi yang terdaftar di Saudi Arabia atau melalui aplikasi Nusuk.
2.  **Visa Turis (eVisa)**: Warga Indonesia bisa mengajukan eVisa turis yang juga bisa digunakan untuk Umrah, asalkan tidak bertepatan dengan musim Haji.
3.  **Visa on Arrival**: Untuk pemilik visa Schengen, US, atau UK tertentu, bisa mengajukan Visa on Arrival yang juga berlaku untuk Umrah.

**Proses Umum (melalui travel agent/aplikasi Nusuk):**

1.  **Pendaftaran**: Daftar ke travel agent Umrah resmi atau melalui aplikasi Nusuk.
2.  **Persyaratan**: Siapkan paspor yang masih berlaku (min. 6 bulan), foto, dan dokumen lain yang diminta.
3.  **Pengajuan Visa**: Travel agent akan memproses visa Anda. Jika melalui Nusuk, Anda bisa mengajukan sendiri.
4.  **Booking Paket**: Umumnya termasuk tiket pesawat, akomodasi di Makkah dan Madinah, transportasi lokal, dan layanan lainnya.
5.  **Pemberangkatan**: Setelah visa keluar dan semua persiapan selesai, Anda siap berangkat."
"Ya Aki, uridu bukflit ila jedah al-Usbu al-Qadim. Hal bisa bantu Ajida Afdal schedule warihan latan Mubashirah.","Tentu, Aki. Bisa dibantu.

Untuk mencari Afdal schedule dan warihan Mubashirah ke Jeddah al-Usbu al-Qadim, min fadlik infokan dari kota mana Anda akan berangkat dan tanggal spesifiknya."
Uridu Range Transport Minje Dah Ila Madina Gadan,Baik. Anda mencari layanan transport Range Rover dari Dubai ke Madinah غدًا.
"Book flight ke Jeddah, lalu lanjut ke Madina, schedule terbaik kapan?","Untuk book flight ke Jeddah dan lanjut ke Madinah, schedule terbaik sangat bergantung pada tanggal keberangkatan dan kota asal Anda. Anda bisa cek langsung di website maskapai atau platform travel online untuk mencari opsi yang paling sesuai."
Bagaimana proses visa Saudi untuk umbrah dari Indonesia sekarang?,"Saat ini, ada beberapa cara untuk mendapatkan visa Saudi untuk umrah dari Indonesia:

1.  **e-Visa Turis (Tourist e-Visa):** Warga negara Indonesia dapat mengajukan visa turis secara online. Visa ini multi-entry dan memungkinkan Anda untuk melakukan ibadah umrah.
2.  **Melalui Agen Perjalanan Umrah:** Cara tradisional, di mana agen perjalanan umrah berlisensi akan mengurus visa umrah Anda sebagai bagian dari paket perjalanan.
3.  **Visa Transit 96 Jam:** Jika Anda terbang dengan maskapai Saudi (seperti Saudia atau Flynas) dengan transit panjang di Saudi Arabia, Anda bisa mengajukan visa transit 96 jam secara gratis yang dapat digunakan untuk umrah."
"Aku mau buk flight kejada minggu depan, bisa bantu schedule.","Tentu, saya bisa bantu.

Untuk jadwal, bisa berikan tanggal keberangkatan spesifik di minggu depan, jam yang diinginkan, dan dari kota mana Anda akan terbang?"
Aku butuh travel umrah simple tapi include Medina Visit.,"Oke, cari **paket umrah reguler plus Madinah** atau **umrah hemat Madinah**. Ini biasanya sudah mencakup kunjungan ke Makkah dan Madinah dengan fasilitas standar."
Bisa bantu aku menghargai transport dari Jedah ke Madina esok?,"Tentu, untuk transport dari Jedah ke Madina esok, beberapa opsi yang bisa kamu pertimbangkan:

1.  **Kereta Cepat Haramain (Haramain High-Speed Railway)**: Ini adalah pilihan tercepat dan paling nyaman. Kamu bisa naik dari stasiun King Abdulaziz International Airport (KAIA) atau stasiun Al-Sulaymaniyah di Jedah langsung ke Madina.
2.  **Bus**: Ada beberapa perusahaan bus seperti SAPTCO yang menawarkan layanan reguler antara Jedah dan Madina. Ini biasanya lebih terjangkau.
3.  **Private Taxi/Car Service**: Kamu bisa menyewa taksi atau layanan mobil pribadi yang akan mengantarmu langsung dari lokasi di Jedah ke Madina."
"Ya kri, urdu buk fly ilah jadah al-Ushbu al-Qadim. Hal bisa bantu ajada afdal schedule warh, katan Mubashirah.","Tentu, saya bisa bantu untuk flight dari Jeddah (JED) **al-Ushbu al-Qadim**.

Untuk 'Urdu', kota mana yang Anda maksud? Apakah Karachi (KHI), Lahore (LHE), atau Islamabad (ISB)? Karena flight **Mubashirah** ke kota-kota besar di Pakistan sering tersedia.

Setelah tahu kota tujuannya, saya bisa bantu berikan arahan untuk mencari 'afdal schedule warh'."
Uridu Erinj Transport Minjeda Ilamah Dina Koden,Anda ingin **arrange transport** dari **Jeddah** ke **Madinah**? Bagaimana saya bisa bantu?
Hau tepik dokument umrah dari Indonesia dengan benar.,"Dokumen penting untuk Umrah dari Indonesia antara lain:

*   Paspor (masa berlaku minimal 6 bulan)
*   Visa Umrah
*   Tiket pesawat PP
*   Bukti vaksinasi (terutama meningitis)
*   Foto terbaru (sesuai spesifikasi visa)
*   KTP dan Kartu Keluarga
*   Buku Nikah (bagi suami istri)"
tolong buat checklist persiapan ombrah termasuk barang wajib di bawah,"Tentu, ini checklist persiapan Umrah (Omrah) termasuk barang wajib:

**CHECKLIST PERSIAPAN UMRAH**

**I. Dokumen Penting:**
*   Paspor (masa berlaku min. 6 bulan)
*   Visa Umrah
*   Tiket Pesawat
*   Konfirmasi Hotel & Transportasi
*   Kartu Vaksin (terutama Meningitis)
*   Fotokopi dokumen penting (simpan terpisah)

**II. Kesehatan & Obat-obatan:**
*   Obat-obatan pribadi (resep dokter jika perlu)
*   Vitamin/Suplemen
*   Masker
*   Hand Sanitizer
*   Plester luka, antiseptik kecil
*   Kacamata hitam (untuk melindungi dari matahari)

**III. Pakaian & Perlengkapan Ihram:**
*   **Pakaian Ihram:**
    *   Pria: 2 lembar kain putih tanpa jahitan (izar & rida') - minimal 2 set.
    *   Wanita: Pakaian yang menutup aurat sempurna, tidak transparan, tidak membentuk tubuh (abaya/gamis, jilbab/khimar panjang) - minimal 2-3 set.
*   Sandal/alas kaki terbuka yang nyaman (tidak menutupi mata kaki untuk pria, bebas untuk wanita)
*   Tas kecil untuk menyimpan sandal saat masuk masjid
*   Pakaian dalam secukupnya
*   Kaos kaki (untuk wanita)
*   Pakaian ganti sehari-hari yang longgar dan sopan

**IV. Perlengkapan Pribadi (Bebas Parfum):**
*   Sabun tanpa parfum
*   Shampo tanpa parfum
*   Pasta gigi (bebas parfum) & Sikat gigi
*   Deodoran tanpa parfum
*   Pelembab kulit & bibir tanpa parfum
*   Sisir
*   Gunting kecil (untuk Tahallul)
*   Handuk kecil
*   Tas perlengkapan mandi

**V. Perlengkapan Lainnya:**
*   Al-Qur'an kecil & Buku doa/Dzikir
*   Power bank & Charger ponsel
*   Adaptor colokan listrik universal (jika diperlukan)
*   Kantong plastik (untuk sampah, baju kotor, dll.)
*   Botol minum isi ulang
*   Payung lipat/topi (untuk melindungi dari panas matahari)
*   Tas selempang kecil (untuk barang berharga & dokumen penting)
*   Uang tunai (Riyal Saudi & mata uang lokal secukupnya) & Kartu debit/kredit

Selamat menunaikan Umrah, semoga mabrur!"
"Aku mau buku flight ke jedah minggu depan, bisa bantu schedule?","Tentu, saya bisa bantu. Untuk tanggal berapa tepatnya Anda ingin terbang ke Jeddah minggu depan?"
Bisa bantu aku menghormati transport dari Jeddah ke Madina Tomorrow?,"Tentu, saya bisa bantu Anda dalam **menghormati transport** dari Jeddah ke Madinah besok.

Pilihan utama dan terbaik adalah:

1.  **Kereta Cepat Haramain (Haramain High-Speed Railway)**: Ini yang tercepat dan paling nyaman. Sangat disarankan untuk segera memesan tiket online karena perjalanan besok.
2.  **Bus SAPTCO**: Pilihan yang lebih ekonomis, bisa dipesan di terminal atau online.
3.  **Taksi Pribadi/Mobil dengan Sopir**: Bisa diatur melalui hotel atau agen lokal.

Mana yang paling menarik bagi Anda?"
Explain step by step cara upload visa Saudi dengan benar.,"Baik, berikut adalah langkah-langkah untuk upload visa Saudi dengan benar:

1.  **Persiapan Dokumen (Document Preparation):**
    *   Pastikan Anda sudah memiliki salinan digital (scan/foto) dari visa Saudi Anda.
    *   The file format is usually PDF, JPG, or PNG. Make sure it's clear and readable.
    *   Periksa ukuran file, often there's a maximum limit.

2.  **Akses Platform yang Tepat (Access the Correct Platform):**
    *   Identifikasi *untuk keperluan apa* visa ini di-upload. Apakah untuk update data di Absher, Muqeem, pengajuan aplikasi lain, atau portal Haji/Umrah seperti Nusuk?
    *   Log in ke portal resmi KSA yang relevan menggunakan kredensial Anda.

3.  **Navigasi ke Bagian Unggah (Navigate to Upload Section):**
    *   Cari menu atau opsi seperti ""Upload Visa,"" ""Attach Documents,"" ""Visa Information,"" atau bagian yang berkaitan dengan pengajuan atau pembaruan data.
    *   The exact wording might vary depending on the platform.

4.  **Isi Data yang Diperlukan (Fill in Required Information):**
    *   You may be prompted to enter details such as your Visa Number, Passport Number, Nationality, date of birth, etc.
    *   Ensure all entered data matches your visa and passport exactly.

5.  **Pilih dan Unggah File (Select and Upload File):**
    *   Klik tombol ""Choose File"" atau ""Browse.""
    *   Pilih file visa digital yang sudah Anda siapkan dari perangkat Anda.
    *   Setelah file terpilih, klik ""Upload"" atau ""Attach.""

6.  **Verifikasi dan Kirim (Review and Submit):**
    *   Double-check all the information you've entered and confirm that the visa file has been uploaded correctly.
    *   Make sure the image quality is good and all details on the visa are legible.
    *   Click ""Submit"" atau ""Kirim"" to finalize the process.

7.  **Simpan Konfirmasi (Save Confirmation):**
    *   Setelah berhasil, Anda biasanya akan menerima notifikasi atau nomor referensi (reference number). Simpan ini sebagai bukti."
"Ya Akri, Kuri du book flight ilah cadah al-Usbu Al-Qadim. Hal bisa bantu Ajida Afdol schedule wari helatan nubashirah?","Tentu, saya bisa bantu cari schedule untuk flight Anda. Min fadlik, dari kota mana Anda akan berangkat, dan tujuan pasti ""cadah"" itu di mana? Apakah ada tanggal spesifik di al-Usbu Al-Qadim?"
Uridu uris transport menjadah ilama Dina Hwadan.,"Baik. Untuk transport menjadah ilama Dina Hwadan, uridu tahu: dari mana kamu ingin berangkat, kapan, dan jenis transport apa yang kamu inginkan?"
Kenapa fasting di Ramadhan itu wajib bagi muslim?,Fasting di Ramadan wajib karena itu adalah **perintah Allah SWT** yang disebutkan dalam Al-Qur'an. Ini juga merupakan salah satu dari lima **Rukun Islam**. Tujuan utamanya adalah untuk mencapai **taqwa**.
jelaskan step by step cara booking flight ke JEDDA secara online,"Tentu, berikut langkah-langkah booking flight ke Jeddah secara online:

1.  **Pilih Platform:** Kunjungi website maskapai penerbangan (misal: Saudia, Garuda Indonesia, Emirates) atau Online Travel Agency (OTA) seperti Traveloka, Tiket.com, Agoda.
2.  **Masukkan Detail Penerbangan:**
    *   Pilih ""Round Trip"" (pulang-pergi) atau ""One Way"" (sekali jalan).
    *   Masukkan kota keberangkatan Anda.
    *   Masukkan **Jeddah (JED)** sebagai kota tujuan.
    *   Pilih tanggal keberangkatan dan tanggal pulang (jika round trip).
    *   Tentukan jumlah penumpang (dewasa, anak-anak, bayi).
3.  **Cari Penerbangan:** Klik tombol ""Cari"" atau ""Search"".
4.  **Pilih Penerbangan:** Akan muncul daftar penerbangan. Bandingkan harga, waktu keberangkatan/kedatangan, durasi transit, dan maskapai. Pilih yang sesuai dengan preferensi Anda.
5.  **Review Detail:** Periksa kembali rincian penerbangan yang Anda pilih (tanggal, waktu, maskapai, harga total).
6.  **Isi Data Penumpang:**
    *   Masukkan nama lengkap sesuai paspor.
    *   Tanggal lahir.
    *   Jenis kelamin.
    *   Nomor paspor dan tanggal kedaluwarsa (sangat penting untuk penerbangan internasional).
    *   Informasi kontak (email dan nomor telepon).
7.  **Pilih Tambahan (Opsional):** Anda mungkin bisa menambah bagasi, memilih kursi, atau memesan makanan.
8.  **Pembayaran:** Pilih metode pembayaran (kartu kredit/debit, transfer bank, e-wallet, dll.) dan selesaikan pembayaran.
9.  **Konfirmasi:** Setelah pembayaran berhasil, Anda akan menerima email konfirmasi dan e-ticket/boarding pass elektronik. Simpan baik-baik.

**Tips:** Pastikan Anda memiliki paspor yang masih berlaku minimal 6 bulan sebelum tanggal keberangkatan dan cek persyaratan visa ke Saudi Arabia jika bukan untuk **Umrah** atau **Haji**."
Aku mau buk flight gecedah minggu depan bisa bantu schedule,"Tentu, saya bisa bantu. Untuk ""Geceda"", apakah maksudnya Jeddah (جدة)?

Mohon berikan detail berikut agar saya bisa bantu mencarikan jadwal:
1.  Kota keberangkatan Anda.
2.  Tanggal spesifik minggu depan atau rentang tanggal.
3.  Jumlah penumpang."
"Aku butuh travel umrah, simple, tapi inklud madina fisit.","Anda mencari travel **umrah** yang simple dan *inklud* Madina visit.

Sebagai AI, saya tidak menyediakan paket travel secara langsung. Namun, saya bisa bantu merekomendasikan agen-agen travel terkemuka yang menawarkan paket seperti itu. Apakah Anda ingin saya carikan rekomendasinya?"
"Ya ahi, uridu buk flight ilah jedah al usbung al kodim Hal bisa bantu ajidah aftol schedule warih latan mubashiro","Tentu, bisa saya bantu.

Mohon beritahu saya:
1.  **Kota keberangkatan** Anda?
2.  **Tanggal pasti** di الأسبوع القادم Anda ingin terbang ke Jeddah?

Ini akan membantu saya menemukan jadwal penerbangan aftol dan رحلات مباشرة."
Uri du arrange transport minjeda ilah Madina Khodan,"Tentu, bisa saya bantu arrange transport min Jeddah ilah Madina. Kapan tanggalnya, jam berapa, dan berapa jumlah penumpang? Preferred type of transport apa?"
Uri dus schedule trip dari Jedah ke Makkah besok pagi,"Untuk trip Uri dari Jeddah ke Makkah besok pagi, saya tidak bisa memberikan jadwal real-time atau melakukan pemesanan.

Anda bisa cek opsi transportasi berikut:
*   **Haramain High-Speed Railway (HHR):** Cek jadwal kereta cepat di website atau aplikasi mereka.
*   **Bus (Saptco):** Lihat jadwal bus di terminal atau aplikasi Saptco.
*   **Taksi/Ride-sharing:** Pesan melalui aplikasi seperti Uber atau Careem.

Sebaiknya cek langsung melalui aplikasi atau website penyedia layanan tersebut untuk informasi terbaru dan pemesanan."
Kenapa fasting di Ramadhan itu wajib bagi muslim?,"Fasting di Ramadhan wajib karena itu adalah perintah langsung dari Allah SWT dan merupakan salah satu dari Rukun Islam. Dalam Al-Qur'an, Allah berfirman: ""*`Ya ayyuhalladzina amanu kutiba 'alaikumush shiyam`*"" (Hai orang-orang yang beriman, diwajibkan atas kamu berpuasa) seperti yang tercantum dalam Surah Al-Baqarah ayat 183."
I feel overwhelmed with the preparation of the umrah. Do you have any advice?,"It's normal to feel overwhelmed. Try to break down your preparations into smaller, manageable steps. Remember your *niyyah* and make lots of *doa*. Allah will ease your journey."
Aku mau bok fly ke jedah minggu depan. Bisa bantu schedule?,"Tentu. Untuk membantu mencari penerbangan ke Jeddah minggu depan, saya butuh informasi lebih lanjut.

Dari kota mana Anda akan berangkat, dan apakah ada tanggal spesifik di minggu depan yang Anda inginkan?"
Aku butuh travel umrah simple tapi inkut madina fisik,"Oke, kamu butuh travel Umrah simple dengan kunjungan fisik ke Madinah.

Ada tanggal keberangkatan yang diinginkan atau preferensi lainnya?"
Explan step by step cara apply visa Saudi dengan benar,"Tentu, ini langkah-langkah apply visa Saudi:

1.  **Tentukan Jenis Visa:**
    *   **eVisa (Tourism/Umrah):** Ini yang paling umum dan mudah di-apply online. Cek apakah negara Anda eligible untuk eVisa di website resmi Visit Saudi.
    *   **Visa Kunjungan/Bisnis/Hajj:** Biasanya perlu apply melalui kedutaan besar Saudi atau VFS Global.

2.  **Siapkan Dokumen Penting:**
    *   Passport (valid minimal 6 bulan).
    *   Foto terbaru ukuran passport.
    *   Rencana perjalanan (tiket pesawat pulang-pergi, reservasi akomodasi).
    *   Asuransi perjalanan (seringkali mandatory, terutama untuk eVisa).

3.  **Akses Portal Aplikasi:**
    *   Untuk **eVisa**: Kunjungi situs resmi [visa.visitsaudi.com](https://visa.visitsaudi.com/) atau platform Nusuk.
    *   Untuk visa lain: Kunjungi website Kedutaan Besar Saudi Arabia di negara Anda atau situs VFS Global.

4.  **Isi Formulir Aplikasi:**
    *   Masukkan semua data pribadi dengan benar dan akurat. Jangan ada typo.
    *   Upload dokumen yang diminta (scan passport, foto, dll.).

5.  **Bayar Biaya Visa:**
    *   Lakukan pembayaran via kartu kredit/debit sesuai instruksi di portal aplikasi.

6.  **Submit Aplikasi:**
    *   Review kembali semua informasi yang telah Anda masukkan, lalu submit aplikasi Anda.

7.  **Tunggu Proses & Terima Visa:**
    *   Untuk eVisa, biasanya prosesnya cepat (bisa dalam hitungan menit hingga beberapa hari).
    *   Setelah disetujui, visa akan dikirim ke email Anda. Cetak dan bawa saat bepergian.
    *   Untuk visa jenis lain, proses bisa lebih lama dan Anda akan diberitahu kapan visa bisa diambil."
"Ya ahi, urdu buk fly ilah Jeddah al-Usbu al-Kadim hal bisa bantu Ajeda Afdal schedule, wari leatan Mubashirah","Ya ahi, untuk mengirim urdu buk ilah Jeddah al-Usbu al-Kadim, kamu perlu menghubungi perusahaan kargo atau ekspedisi internasional. Mereka bisa bantu Ajeda Afdal schedule dan info leatan Mubashirah untuk pengiriman kargo."
Uri 2 Arrange Transport Minjada Ila Madi Nagadan,"Oke, untuk transportasi Minjada Ila Madi Nagadan, kapan dan jam berapa Anda perlu berangkat?"
I feel overwhelmed dengan persiapan umbo. Ada tips sederhana?,"Tentu, ini beberapa tips sederhana:

1.  **Buat Checklist Kecil:** Bagi persiapan jadi langkah-langkah kecil. Jangan lihat sebagai satu gunung besar.
2.  **Prioritaskan:** Fokus pada yang paling penting dan urgent dulu.
3.  **Minta Bantuan:** Jangan sungkan delegasikan atau minta tolong keluarga/teman.
4.  **Ambil Jeda:** Kalau mulai penat, istirahat sebentar. Refresh your mind.
5.  **Ingat Niatmu:** Fokus pada **ibadah** dan spiritual journey-nya, bukan sempurna di segala hal.
6.  **Tawakkal:** Serahkan sisanya kepada Allah **subhanahu wa ta'ala**."
